"id","activityNumber","truckId","excavatorId","operatorId","supervisorId","loadingPointId","dumpingPointId","roadSegmentId","shift","queueStartTime","queueEndTime","loadingStartTime","loadingEndTime","departureTime","arrivalTime","dumpingStartTime","dumpingEndTime","returnTime","queueDuration","loadingDuration","haulingDuration","dumpingDuration","returnDuration","totalCycleTime","loadWeight","targetWeight","loadEfficiency","distance","fuelConsumed","status","weatherCondition","roadCondition","isDelayed","delayMinutes","delayReasonId","delayReasonDetail","predictedDelayRisk","predictedDelayMinutes","remarks","createdAt","updatedAt"
"cmhq7r58300q0armkdrve0085","HA-20250115-0001","cmhq7r4lb001harmk9sox759c","cmhq7r4lq001rarmkuf6tgpcq","cmhq7r4kx0015armkllchf8n4","cmhq7r4je0001armk4kiviz7e","cmhq7r4k4000harmkzyanyvqs","cmhq7r4kd000narmk0fn7bu7g","cmhq7r4ko000xarmkand25969","SHIFT_1","2025-11-07T17:00:00.000Z","2025-11-07T17:09:00.000Z","2025-11-07T17:09:00.000Z","2025-11-07T17:23:00.000Z","2025-11-07T17:23:00.000Z","2025-11-07T17:54:00.000Z","2025-11-07T17:54:00.000Z","2025-11-07T18:03:00.000Z","2025-11-07T18:32:00.000Z",9,14,31,9,29,92,23.26066719125492,24,96.91944663022882,3.5,3.340854860651845,"COMPLETED","Hujan Ringan","FAIR",false,0,,,"LOW",0,,"2025-11-08T11:40:54.195Z","2025-11-08T11:40:54.195Z"
"cmhq7r58900q2armk0dfjg8yz","HA-20250115-0002","cmhq7r4le001jarmk9zkkup1a","cmhq7r4ls001sarmkxnsrb2s3","cmhq7r4l00017armkmq6x6kl4","cmhq7r4je0001armk4kiviz7e","cmhq7r4k7000jarmk2j2yiibg","cmhq7r4kf000parmkl2blyx8q","cmhq7r4kr000zarmkvs3f8j7p","SHIFT_1","2025-11-07T18:10:00.000Z","2025-11-07T18:27:00.000Z","2025-11-07T18:27:00.000Z","2025-11-07T18:39:00.000Z","2025-11-07T18:39:00.000Z","2025-11-07T19:08:00.000Z","2025-11-07T19:08:00.000Z","2025-11-07T19:18:00.000Z","2025-11-07T19:46:00.000Z",17,12,29,10,28,96,22.61738681196634,24,94.23911171652642,4.2,3.906333591982426,"COMPLETED","Berawan","GOOD",false,0,,,"LOW",0,,"2025-11-08T11:40:54.201Z","2025-11-08T11:40:54.201Z"
"cmhq7r58d00q4armkxs3rsbee","HA-20250115-0003","cmhq7r4lg001larmkpqarbhxr","cmhq7r4lq001rarmkuf6tgpcq","cmhq7r4l20019armk5ltvb01g","cmhq7r4je0001armk4kiviz7e","cmhq7r4k9000larmkpn8cs6rl","cmhq7r4kh000rarmkveu72zdp","cmhq7r4ks0011armkc1bo1ta9","SHIFT_1","2025-11-07T19:20:00.000Z","2025-11-07T19:35:00.000Z","2025-11-07T19:35:00.000Z","2025-11-07T19:49:00.000Z","2025-11-07T19:49:00.000Z","2025-11-07T20:20:00.000Z","2025-11-07T20:20:00.000Z","2025-11-07T20:30:00.000Z","2025-11-07T20:55:00.000Z",15,14,31,10,25,95,29.9536726010878,30,99.84557533695931,12.5,11.75235841552228,"COMPLETED","Cerah","FAIR",false,0,,,"LOW",0,,"2025-11-08T11:40:54.205Z","2025-11-08T11:40:54.205Z"
"cmhq7r58h00q6armk8yr662k3","HA-20250115-0004","cmhq7r4li001narmkf49nw2n1","cmhq7r4ls001sarmkxnsrb2s3","cmhq7r4l4001barmkx6vp0j31","cmhq7r4je0001armk4kiviz7e","cmhq7r4k4000harmkzyanyvqs","cmhq7r4kj000tarmk0w8z216o","cmhq7r4ku0013armkej3p1ti3","SHIFT_1","2025-11-07T20:30:00.000Z","2025-11-07T20:49:00.000Z","2025-11-07T20:49:00.000Z","2025-11-07T20:57:00.000Z","2025-11-07T20:57:00.000Z","2025-11-07T21:34:00.000Z","2025-11-07T21:34:00.000Z","2025-11-07T21:41:00.000Z","2025-11-07T22:02:00.000Z",19,8,37,7,21,92,25.92854473709618,30,86.42848245698728,2.8,2.653983927487457,"COMPLETED","Hujan Ringan","EXCELLENT",false,0,,,"LOW",0,,"2025-11-08T11:40:54.209Z","2025-11-08T11:40:54.209Z"
"cmhq7r58k00q8armkeip8s1u6","HA-20250115-0005","cmhq7r4ll001parmkmqvpl1y8","cmhq7r4lq001rarmkuf6tgpcq","cmhq7r4l6001darmkuuuir633","cmhq7r4je0001armk4kiviz7e","cmhq7r4k7000jarmk2j2yiibg","cmhq7r4kl000varmksymaqnsu","cmhq7r4ko000xarmkand25969","SHIFT_1","2025-11-07T21:40:00.000Z","2025-11-07T21:54:00.000Z","2025-11-07T21:54:00.000Z","2025-11-07T22:05:00.000Z","2025-11-07T22:05:00.000Z","2025-11-07T22:32:00.000Z","2025-11-07T22:32:00.000Z","2025-11-07T22:40:00.000Z","2025-11-07T23:03:00.000Z",14,11,27,8,23,83,29.86814725008261,35,85.3375635716646,3.5,3.171537733377121,"COMPLETED","Hujan Ringan","EXCELLENT",false,0,,,"LOW",0,,"2025-11-08T11:40:54.213Z","2025-11-08T11:40:54.213Z"
"cmhq7r58p00qaarmkszqeyqb5","HA-20250115-0006","cmhq7r4lb001harmk9sox759c","cmhq7r4ls001sarmkxnsrb2s3","cmhq7r4l8001farmksidjc1yq","cmhq7r4je0001armk4kiviz7e","cmhq7r4k9000larmkpn8cs6rl","cmhq7r4kd000narmk0fn7bu7g","cmhq7r4kr000zarmkvs3f8j7p","SHIFT_1","2025-11-07T22:50:00.000Z","2025-11-07T23:09:00.000Z","2025-11-07T23:09:00.000Z","2025-11-07T23:20:00.000Z","2025-11-07T23:20:00.000Z","2025-11-07T23:45:00.000Z","2025-11-07T23:45:00.000Z","2025-11-07T23:54:00.000Z","2025-11-08T00:22:00.000Z",19,11,25,9,28,92,20.80514378282364,24,86.68809909509851,4.2,3.585574865207945,"COMPLETED","Cerah","EXCELLENT",false,0,,,"LOW",0,,"2025-11-08T11:40:54.217Z","2025-11-08T11:40:54.217Z"
"cmhq7r58t00qcarmkurdvzk2b","HA-20250115-0007","cmhq7r4lb001harmk9sox759c","cmhq7r4lq001rarmkuf6tgpcq","cmhq7r4kx0015armkllchf8n4","cmhq7r4je0001armk4kiviz7e","cmhq7r4k4000harmkzyanyvqs","cmhq7r4kd000narmk0fn7bu7g","cmhq7r4ko000xarmkand25969","SHIFT_2","2025-11-08T01:00:00.000Z","2025-11-08T01:18:00.000Z","2025-11-08T01:18:00.000Z","2025-11-08T01:29:00.000Z","2025-11-08T01:29:00.000Z","2025-11-08T02:06:00.000Z","2025-11-08T02:06:00.000Z","2025-11-08T02:16:00.000Z","2025-11-08T02:36:00.000Z",18,11,37,10,20,96,20.87179445445355,24,86.9658102268898,3.5,3.55546430785752,"COMPLETED","Berawan","FAIR",false,0,,,"LOW",0,,"2025-11-08T11:40:54.221Z","2025-11-08T11:40:54.221Z"
"cmhq7r58x00qearmkjo9bzd18","HA-20250115-0008","cmhq7r4le001jarmk9zkkup1a","cmhq7r4ls001sarmkxnsrb2s3","cmhq7r4l00017armkmq6x6kl4","cmhq7r4je0001armk4kiviz7e","cmhq7r4k7000jarmk2j2yiibg","cmhq7r4kf000parmkl2blyx8q","cmhq7r4kr000zarmkvs3f8j7p","SHIFT_2","2025-11-08T02:10:00.000Z","2025-11-08T02:20:00.000Z","2025-11-08T02:20:00.000Z","2025-11-08T02:31:00.000Z","2025-11-08T02:31:00.000Z","2025-11-08T02:57:00.000Z","2025-11-08T02:57:00.000Z","2025-11-08T03:04:00.000Z","2025-11-08T03:24:00.000Z",10,11,26,7,20,74,22.15501794899087,24,92.31257478746197,4.2,3.411392676535305,"COMPLETED","Hujan Ringan","FAIR",false,0,,,"LOW",0,,"2025-11-08T11:40:54.225Z","2025-11-08T11:40:54.225Z"
"cmhq7r59000qgarmk1mldhpk2","HA-20250115-0009","cmhq7r4lg001larmkpqarbhxr","cmhq7r4lq001rarmkuf6tgpcq","cmhq7r4l20019armk5ltvb01g","cmhq7r4je0001armk4kiviz7e","cmhq7r4k9000larmkpn8cs6rl","cmhq7r4kh000rarmkveu72zdp","cmhq7r4ks0011armkc1bo1ta9","SHIFT_2","2025-11-08T03:20:00.000Z","2025-11-08T03:37:00.000Z","2025-11-08T03:37:00.000Z","2025-11-08T03:50:00.000Z","2025-11-08T03:50:00.000Z","2025-11-08T04:29:00.000Z","2025-11-08T04:29:00.000Z","2025-11-08T04:37:00.000Z","2025-11-08T05:04:00.000Z",17,13,39,8,27,104,26.3904334032606,30,87.96811134420199,12.5,11.43317463767005,"COMPLETED","Berawan","EXCELLENT",false,0,,,"LOW",0,,"2025-11-08T11:40:54.228Z","2025-11-08T11:40:54.228Z"
"cmhq7r59400qiarmk2vheonnh","HA-20250115-0010","cmhq7r4li001narmkf49nw2n1","cmhq7r4ls001sarmkxnsrb2s3","cmhq7r4l4001barmkx6vp0j31","cmhq7r4je0001armk4kiviz7e","cmhq7r4k4000harmkzyanyvqs","cmhq7r4kj000tarmk0w8z216o","cmhq7r4ku0013armkej3p1ti3","SHIFT_2","2025-11-08T04:30:00.000Z","2025-11-08T04:36:00.000Z","2025-11-08T04:36:00.000Z","2025-11-08T04:49:00.000Z","2025-11-08T04:49:00.000Z","2025-11-08T05:25:00.000Z","2025-11-08T05:25:00.000Z","2025-11-08T05:31:00.000Z","2025-11-08T05:57:00.000Z",6,13,36,6,26,87,29.58281911419741,30,98.6093970473247,2.8,2.869513014914502,"COMPLETED","Berawan","GOOD",false,0,,,"LOW",0,,"2025-11-08T11:40:54.232Z","2025-11-08T11:40:54.232Z"
"cmhq7r59800qkarmk6fwcknrk","HA-20250115-0011","cmhq7r4ll001parmkmqvpl1y8","cmhq7r4lq001rarmkuf6tgpcq","cmhq7r4l6001darmkuuuir633","cmhq7r4je0001armk4kiviz7e","cmhq7r4k7000jarmk2j2yiibg","cmhq7r4kl000varmksymaqnsu","cmhq7r4ko000xarmkand25969","SHIFT_2","2025-11-08T05:40:00.000Z","2025-11-08T05:57:00.000Z","2025-11-08T05:57:00.000Z","2025-11-08T06:05:00.000Z","2025-11-08T06:05:00.000Z","2025-11-08T06:42:00.000Z","2025-11-08T06:42:00.000Z","2025-11-08T06:48:00.000Z","2025-11-08T07:12:00.000Z",17,8,37,6,24,92,32.4539451773977,35,92.72555764970771,3.5,2.849085142447581,"COMPLETED","Berawan","EXCELLENT",false,0,,,"LOW",0,,"2025-11-08T11:40:54.237Z","2025-11-08T11:40:54.237Z"
"cmhq7r59c00qmarmkg0ucq1s2","HA-20250115-0012","cmhq7r4lb001harmk9sox759c","cmhq7r4ls001sarmkxnsrb2s3","cmhq7r4l8001farmksidjc1yq","cmhq7r4je0001armk4kiviz7e","cmhq7r4k9000larmkpn8cs6rl","cmhq7r4kd000narmk0fn7bu7g","cmhq7r4kr000zarmkvs3f8j7p","SHIFT_2","2025-11-08T06:50:00.000Z","2025-11-08T07:01:00.000Z","2025-11-08T07:01:00.000Z","2025-11-08T07:10:00.000Z","2025-11-08T07:10:00.000Z","2025-11-08T07:46:00.000Z","2025-11-08T07:46:00.000Z","2025-11-08T07:52:00.000Z","2025-11-08T08:23:00.000Z",11,9,36,6,31,93,20.96891617768598,24,87.3704840736916,4.2,4.065163524189957,"COMPLETED","Hujan Ringan","EXCELLENT",true,24,"cmhq7r4m90022armkg1ch9dxx","Delay karena Kondisi Jalan Buruk","HIGH",29,,"2025-11-08T11:40:54.240Z","2025-11-08T11:40:54.240Z"
"cmhq7r59h00qoarmks6c5t19q","HA-20250115-0013","cmhq7r4lb001harmk9sox759c","cmhq7r4lq001rarmkuf6tgpcq","cmhq7r4kx0015armkllchf8n4","cmhq7r4je0001armk4kiviz7e","cmhq7r4k4000harmkzyanyvqs","cmhq7r4kd000narmk0fn7bu7g","cmhq7r4ko000xarmkand25969","SHIFT_3","2025-11-08T09:00:00.000Z","2025-11-08T09:07:00.000Z","2025-11-08T09:07:00.000Z","2025-11-08T09:16:00.000Z","2025-11-08T09:16:00.000Z","2025-11-08T09:47:00.000Z","2025-11-08T09:47:00.000Z","2025-11-08T09:54:00.000Z","2025-11-08T10:18:00.000Z",7,9,31,7,24,78,22.29088778698265,24,92.8786991124277,3.5,3.154348934453029,"COMPLETED","Cerah","FAIR",false,0,,,"LOW",0,,"2025-11-08T11:40:54.245Z","2025-11-08T11:40:54.245Z"
"cmhq7r59l00qqarmkpk54ake7","HA-20250115-0014","cmhq7r4le001jarmk9zkkup1a","cmhq7r4ls001sarmkxnsrb2s3","cmhq7r4l00017armkmq6x6kl4","cmhq7r4je0001armk4kiviz7e","cmhq7r4k7000jarmk2j2yiibg","cmhq7r4kf000parmkl2blyx8q","cmhq7r4kr000zarmkvs3f8j7p","SHIFT_3","2025-11-08T10:10:00.000Z","2025-11-08T10:19:00.000Z","2025-11-08T10:19:00.000Z","2025-11-08T10:33:00.000Z","2025-11-08T10:33:00.000Z","2025-11-08T11:02:00.000Z","2025-11-08T11:02:00.000Z","2025-11-08T11:11:00.000Z","2025-11-08T11:31:00.000Z",9,14,29,9,20,81,21.17336065574332,24,88.22233606559719,4.2,3.8311038189176,"COMPLETED","Cerah","FAIR",false,0,,,"LOW",0,,"2025-11-08T11:40:54.249Z","2025-11-08T11:40:54.249Z"
"cmhq7r59p00qsarmkdmeu9cj8","HA-20250115-0015","cmhq7r4lg001larmkpqarbhxr","cmhq7r4lq001rarmkuf6tgpcq","cmhq7r4l20019armk5ltvb01g","cmhq7r4je0001armk4kiviz7e","cmhq7r4k9000larmkpn8cs6rl","cmhq7r4kh000rarmkveu72zdp","cmhq7r4ks0011armkc1bo1ta9","SHIFT_3","2025-11-08T11:20:00.000Z","2025-11-08T11:29:00.000Z","2025-11-08T11:29:00.000Z","2025-11-08T11:43:00.000Z","2025-11-08T11:43:00.000Z","2025-11-08T12:12:00.000Z","2025-11-08T12:12:00.000Z","2025-11-08T12:20:00.000Z","2025-11-08T12:44:00.000Z",9,14,29,8,24,84,26.46203379597219,30,88.20677931990731,12.5,12.30636789625843,"COMPLETED","Berawan","EXCELLENT",false,0,,,"LOW",0,,"2025-11-08T11:40:54.253Z","2025-11-08T11:40:54.253Z"
"cmhq7r59s00quarmke53pigwl","HA-20250115-0016","cmhq7r4li001narmkf49nw2n1","cmhq7r4ls001sarmkxnsrb2s3","cmhq7r4l4001barmkx6vp0j31","cmhq7r4je0001armk4kiviz7e","cmhq7r4k4000harmkzyanyvqs","cmhq7r4kj000tarmk0w8z216o","cmhq7r4ku0013armkej3p1ti3","SHIFT_3","2025-11-08T12:30:00.000Z","2025-11-08T12:43:00.000Z","2025-11-08T12:43:00.000Z","2025-11-08T12:56:00.000Z","2025-11-08T12:56:00.000Z","2025-11-08T13:31:00.000Z","2025-11-08T13:31:00.000Z","2025-11-08T13:41:00.000Z","2025-11-08T14:04:00.000Z",13,13,35,10,23,94,29.05652464007247,30,96.85508213357491,2.8,2.413981064904527,"COMPLETED","Berawan","EXCELLENT",true,23,"cmhq7r4m90022armkg1ch9dxx","Delay karena Kondisi Jalan Buruk","HIGH",28,,"2025-11-08T11:40:54.256Z","2025-11-08T11:40:54.256Z"
"cmhq7r59v00qwarmku58ag5ax","HA-20250115-0017","cmhq7r4ll001parmkmqvpl1y8","cmhq7r4lq001rarmkuf6tgpcq","cmhq7r4l6001darmkuuuir633","cmhq7r4je0001armk4kiviz7e","cmhq7r4k7000jarmk2j2yiibg","cmhq7r4kl000varmksymaqnsu","cmhq7r4ko000xarmkand25969","SHIFT_3","2025-11-08T13:40:00.000Z","2025-11-08T13:45:00.000Z","2025-11-08T13:45:00.000Z","2025-11-08T13:58:00.000Z","2025-11-08T13:58:00.000Z","2025-11-08T14:37:00.000Z","2025-11-08T14:37:00.000Z","2025-11-08T14:45:00.000Z","2025-11-08T15:07:00.000Z",5,13,39,8,22,87,30.13100377364279,35,86.08858221040798,3.5,3.18208633423934,"COMPLETED","Berawan","GOOD",false,0,,,"LOW",0,,"2025-11-08T11:40:54.259Z","2025-11-08T11:40:54.259Z"
"cmhq7r59y00qyarmkt4bmq6si","HA-20250115-0018","cmhq7r4lb001harmk9sox759c","cmhq7r4ls001sarmkxnsrb2s3","cmhq7r4l8001farmksidjc1yq","cmhq7r4je0001armk4kiviz7e","cmhq7r4k9000larmkpn8cs6rl","cmhq7r4kd000narmk0fn7bu7g","cmhq7r4kr000zarmkvs3f8j7p","SHIFT_3","2025-11-08T14:50:00.000Z","2025-11-08T14:56:00.000Z","2025-11-08T14:56:00.000Z","2025-11-08T15:10:00.000Z","2025-11-08T15:10:00.000Z","2025-11-08T15:44:00.000Z","2025-11-08T15:44:00.000Z","2025-11-08T15:52:00.000Z","2025-11-08T16:18:00.000Z",6,14,34,8,26,88,23.04220089782538,24,96.00917040760577,4.2,4.318121350674604,"COMPLETED","Berawan","EXCELLENT",false,0,,,"LOW",0,,"2025-11-08T11:40:54.262Z","2025-11-08T11:40:54.262Z"
"cmhq7r5a100r0armknxf8i67r","HA-20250115-0019","cmhq7r4lb001harmk9sox759c","cmhq7r4lq001rarmkuf6tgpcq","cmhq7r4kx0015armkllchf8n4","cmhq7r4je0001armk4kiviz7e","cmhq7r4k4000harmkzyanyvqs","cmhq7r4kd000narmk0fn7bu7g","cmhq7r4ko000xarmkand25969","SHIFT_1","2025-11-06T17:00:00.000Z","2025-11-06T17:13:00.000Z","2025-11-06T17:13:00.000Z","2025-11-06T17:23:00.000Z","2025-11-06T17:23:00.000Z","2025-11-06T17:48:00.000Z","2025-11-06T17:48:00.000Z","2025-11-06T17:56:00.000Z","2025-11-06T18:17:00.000Z",13,10,25,8,21,77,22.43161163779191,24,93.46504849079963,3.5,2.992796765805743,"COMPLETED","Hujan Ringan","GOOD",false,0,,,"LOW",0,,"2025-11-08T11:40:54.265Z","2025-11-08T11:40:54.265Z"
"cmhq7r5a500r2armkrg64712q","HA-20250115-0020","cmhq7r4le001jarmk9zkkup1a","cmhq7r4ls001sarmkxnsrb2s3","cmhq7r4l00017armkmq6x6kl4","cmhq7r4je0001armk4kiviz7e","cmhq7r4k7000jarmk2j2yiibg","cmhq7r4kf000parmkl2blyx8q","cmhq7r4kr000zarmkvs3f8j7p","SHIFT_1","2025-11-06T18:10:00.000Z","2025-11-06T18:27:00.000Z","2025-11-06T18:27:00.000Z","2025-11-06T18:35:00.000Z","2025-11-06T18:35:00.000Z","2025-11-06T19:10:00.000Z","2025-11-06T19:10:00.000Z","2025-11-06T19:18:00.000Z","2025-11-06T19:48:00.000Z",17,8,35,8,30,98,22.27883419928481,24,92.82847583035337,4.2,4.208930896179766,"COMPLETED","Cerah","EXCELLENT",false,0,,,"LOW",0,,"2025-11-08T11:40:54.269Z","2025-11-08T11:40:54.269Z"
"cmhq7r5a800r4armkengwj6iv","HA-20250115-0021","cmhq7r4lg001larmkpqarbhxr","cmhq7r4lq001rarmkuf6tgpcq","cmhq7r4l20019armk5ltvb01g","cmhq7r4je0001armk4kiviz7e","cmhq7r4k9000larmkpn8cs6rl","cmhq7r4kh000rarmkveu72zdp","cmhq7r4ks0011armkc1bo1ta9","SHIFT_1","2025-11-06T19:20:00.000Z","2025-11-06T19:29:00.000Z","2025-11-06T19:29:00.000Z","2025-11-06T19:42:00.000Z","2025-11-06T19:42:00.000Z","2025-11-06T20:11:00.000Z","2025-11-06T20:11:00.000Z","2025-11-06T20:20:00.000Z","2025-11-06T20:48:00.000Z",9,13,29,9,28,88,25.91732442993046,30,86.39108143310152,12.5,10.56225251325386,"COMPLETED","Berawan","GOOD",true,24,"cmhq7r4m6001zarmkbgqgsxju","Delay karena Kerusakan Truck","HIGH",29,,"2025-11-08T11:40:54.272Z","2025-11-08T11:40:54.272Z"
"cmhq7r5ab00r6armkx12fw9q5","HA-20250115-0022","cmhq7r4li001narmkf49nw2n1","cmhq7r4ls001sarmkxnsrb2s3","cmhq7r4l4001barmkx6vp0j31","cmhq7r4je0001armk4kiviz7e","cmhq7r4k4000harmkzyanyvqs","cmhq7r4kj000tarmk0w8z216o","cmhq7r4ku0013armkej3p1ti3","SHIFT_1","2025-11-06T20:30:00.000Z","2025-11-06T20:41:00.000Z","2025-11-06T20:41:00.000Z","2025-11-06T20:50:00.000Z","2025-11-06T20:50:00.000Z","2025-11-06T21:16:00.000Z","2025-11-06T21:16:00.000Z","2025-11-06T21:22:00.000Z","2025-11-06T21:42:00.000Z",11,9,26,6,20,72,27.18855539005745,30,90.62851796685815,2.8,2.579227342763458,"COMPLETED","Berawan","FAIR",false,0,,,"LOW",0,,"2025-11-08T11:40:54.275Z","2025-11-08T11:40:54.275Z"
"cmhq7r5ae00r8armk3kwzepah","HA-20250115-0023","cmhq7r4ll001parmkmqvpl1y8","cmhq7r4lq001rarmkuf6tgpcq","cmhq7r4l6001darmkuuuir633","cmhq7r4je0001armk4kiviz7e","cmhq7r4k7000jarmk2j2yiibg","cmhq7r4kl000varmksymaqnsu","cmhq7r4ko000xarmkand25969","SHIFT_1","2025-11-06T21:40:00.000Z","2025-11-06T21:46:00.000Z","2025-11-06T21:46:00.000Z","2025-11-06T22:00:00.000Z","2025-11-06T22:00:00.000Z","2025-11-06T22:36:00.000Z","2025-11-06T22:36:00.000Z","2025-11-06T22:43:00.000Z","2025-11-06T23:08:00.000Z",6,14,36,7,25,88,34.25480123459919,35,97.8708606702834,3.5,3.552473363973853,"COMPLETED","Cerah","GOOD",false,0,,,"LOW",0,,"2025-11-08T11:40:54.279Z","2025-11-08T11:40:54.279Z"
"cmhq7r5ai00raarmkivnajnvl","HA-20250115-0024","cmhq7r4lb001harmk9sox759c","cmhq7r4ls001sarmkxnsrb2s3","cmhq7r4l8001farmksidjc1yq","cmhq7r4je0001armk4kiviz7e","cmhq7r4k9000larmkpn8cs6rl","cmhq7r4kd000narmk0fn7bu7g","cmhq7r4kr000zarmkvs3f8j7p","SHIFT_1","2025-11-06T22:50:00.000Z","2025-11-06T22:57:00.000Z","2025-11-06T22:57:00.000Z","2025-11-06T23:11:00.000Z","2025-11-06T23:11:00.000Z","2025-11-06T23:44:00.000Z","2025-11-06T23:44:00.000Z","2025-11-06T23:53:00.000Z","2025-11-07T00:19:00.000Z",7,14,33,9,26,89,21.86996102622862,24,91.12483760928592,4.2,3.496891197732873,"COMPLETED","Hujan Ringan","EXCELLENT",false,0,,,"LOW",0,,"2025-11-08T11:40:54.282Z","2025-11-08T11:40:54.282Z"
"cmhq7r5al00rcarmk5q2gvihe","HA-20250115-0025","cmhq7r4lb001harmk9sox759c","cmhq7r4lq001rarmkuf6tgpcq","cmhq7r4kx0015armkllchf8n4","cmhq7r4je0001armk4kiviz7e","cmhq7r4k4000harmkzyanyvqs","cmhq7r4kd000narmk0fn7bu7g","cmhq7r4ko000xarmkand25969","SHIFT_2","2025-11-07T01:00:00.000Z","2025-11-07T01:11:00.000Z","2025-11-07T01:11:00.000Z","2025-11-07T01:22:00.000Z","2025-11-07T01:22:00.000Z","2025-11-07T01:49:00.000Z","2025-11-07T01:49:00.000Z","2025-11-07T01:56:00.000Z","2025-11-07T02:16:00.000Z",11,11,27,7,20,76,20.50602593699504,24,85.44177473747932,3.5,3.146180804210272,"COMPLETED","Hujan Ringan","FAIR",false,0,,,"LOW",0,,"2025-11-08T11:40:54.285Z","2025-11-08T11:40:54.285Z"
"cmhq7r5ao00rearmkjpb7utw6","HA-20250115-0026","cmhq7r4le001jarmk9zkkup1a","cmhq7r4ls001sarmkxnsrb2s3","cmhq7r4l00017armkmq6x6kl4","cmhq7r4je0001armk4kiviz7e","cmhq7r4k7000jarmk2j2yiibg","cmhq7r4kf000parmkl2blyx8q","cmhq7r4kr000zarmkvs3f8j7p","SHIFT_2","2025-11-07T02:10:00.000Z","2025-11-07T02:19:00.000Z","2025-11-07T02:19:00.000Z","2025-11-07T02:30:00.000Z","2025-11-07T02:30:00.000Z","2025-11-07T02:55:00.000Z","2025-11-07T02:55:00.000Z","2025-11-07T03:05:00.000Z","2025-11-07T03:35:00.000Z",9,11,25,10,30,85,22.12273233445176,24,92.17805139354898,4.2,3.366804492886526,"COMPLETED","Berawan","FAIR",false,0,,,"LOW",0,,"2025-11-08T11:40:54.289Z","2025-11-08T11:40:54.289Z"
"cmhq7r5ar00rgarmk1h90e0xb","HA-20250115-0027","cmhq7r4lg001larmkpqarbhxr","cmhq7r4lq001rarmkuf6tgpcq","cmhq7r4l20019armk5ltvb01g","cmhq7r4je0001armk4kiviz7e","cmhq7r4k9000larmkpn8cs6rl","cmhq7r4kh000rarmkveu72zdp","cmhq7r4ks0011armkc1bo1ta9","SHIFT_2","2025-11-07T03:20:00.000Z","2025-11-07T03:39:00.000Z","2025-11-07T03:39:00.000Z","2025-11-07T03:50:00.000Z","2025-11-07T03:50:00.000Z","2025-11-07T04:27:00.000Z","2025-11-07T04:27:00.000Z","2025-11-07T04:34:00.000Z","2025-11-07T05:01:00.000Z",19,11,37,7,27,101,29.61799122257009,30,98.72663740856697,12.5,11.01538000443999,"COMPLETED","Cerah","EXCELLENT",false,0,,,"LOW",0,,"2025-11-08T11:40:54.292Z","2025-11-08T11:40:54.292Z"
"cmhq7r5au00riarmktqd0no3m","HA-20250115-0028","cmhq7r4li001narmkf49nw2n1","cmhq7r4ls001sarmkxnsrb2s3","cmhq7r4l4001barmkx6vp0j31","cmhq7r4je0001armk4kiviz7e","cmhq7r4k4000harmkzyanyvqs","cmhq7r4kj000tarmk0w8z216o","cmhq7r4ku0013armkej3p1ti3","SHIFT_2","2025-11-07T04:30:00.000Z","2025-11-07T04:49:00.000Z","2025-11-07T04:49:00.000Z","2025-11-07T04:59:00.000Z","2025-11-07T04:59:00.000Z","2025-11-07T05:32:00.000Z","2025-11-07T05:32:00.000Z","2025-11-07T05:38:00.000Z","2025-11-07T06:01:00.000Z",19,10,33,6,23,91,27.78524678994131,30,92.61748929980438,2.8,2.657485527621505,"COMPLETED","Cerah","GOOD",false,0,,,"LOW",0,,"2025-11-08T11:40:54.294Z","2025-11-08T11:40:54.294Z"
"cmhq7r5aw00rkarmkzwvzhibr","HA-20250115-0029","cmhq7r4ll001parmkmqvpl1y8","cmhq7r4lq001rarmkuf6tgpcq","cmhq7r4l6001darmkuuuir633","cmhq7r4je0001armk4kiviz7e","cmhq7r4k7000jarmk2j2yiibg","cmhq7r4kl000varmksymaqnsu","cmhq7r4ko000xarmkand25969","SHIFT_2","2025-11-07T05:40:00.000Z","2025-11-07T05:47:00.000Z","2025-11-07T05:47:00.000Z","2025-11-07T06:00:00.000Z","2025-11-07T06:00:00.000Z","2025-11-07T06:26:00.000Z","2025-11-07T06:26:00.000Z","2025-11-07T06:33:00.000Z","2025-11-07T06:54:00.000Z",7,13,26,7,21,74,30.37464300000947,35,86.78469428574134,3.5,3.003116525847623,"COMPLETED","Cerah","FAIR",true,36,"cmhq7r4mb0023armkjufy56rt","Delay karena Pengisian BBM","HIGH",41,,"2025-11-08T11:40:54.297Z","2025-11-08T11:40:54.297Z"
"cmhq7r5b000rmarmknwh5te02","HA-20250115-0030","cmhq7r4lb001harmk9sox759c","cmhq7r4ls001sarmkxnsrb2s3","cmhq7r4l8001farmksidjc1yq","cmhq7r4je0001armk4kiviz7e","cmhq7r4k9000larmkpn8cs6rl","cmhq7r4kd000narmk0fn7bu7g","cmhq7r4kr000zarmkvs3f8j7p","SHIFT_2","2025-11-07T06:50:00.000Z","2025-11-07T06:58:00.000Z","2025-11-07T06:58:00.000Z","2025-11-07T07:09:00.000Z","2025-11-07T07:09:00.000Z","2025-11-07T07:36:00.000Z","2025-11-07T07:36:00.000Z","2025-11-07T07:44:00.000Z","2025-11-07T08:11:00.000Z",8,11,27,8,27,81,22.32098075007595,24,93.00408645864978,4.2,3.442789882981571,"COMPLETED","Cerah","EXCELLENT",true,22,"cmhq7r4mb0023armkjufy56rt","Delay karena Pengisian BBM","HIGH",27,,"2025-11-08T11:40:54.300Z","2025-11-08T11:40:54.300Z"
"cmhq7r5b300roarmkn7hfdkhl","HA-20250115-0031","cmhq7r4lb001harmk9sox759c","cmhq7r4lq001rarmkuf6tgpcq","cmhq7r4kx0015armkllchf8n4","cmhq7r4je0001armk4kiviz7e","cmhq7r4k4000harmkzyanyvqs","cmhq7r4kd000narmk0fn7bu7g","cmhq7r4ko000xarmkand25969","SHIFT_3","2025-11-07T09:00:00.000Z","2025-11-07T09:14:00.000Z","2025-11-07T09:14:00.000Z","2025-11-07T09:22:00.000Z","2025-11-07T09:22:00.000Z","2025-11-07T09:49:00.000Z","2025-11-07T09:49:00.000Z","2025-11-07T09:59:00.000Z","2025-11-07T10:20:00.000Z",14,8,27,10,21,80,23.06359419661294,24,96.09830915255392,3.5,3.36686459323318,"COMPLETED","Hujan Ringan","GOOD",false,0,,,"LOW",0,,"2025-11-08T11:40:54.303Z","2025-11-08T11:40:54.303Z"
"cmhq7r5b600rqarmkbkzy0rdw","HA-20250115-0032","cmhq7r4le001jarmk9zkkup1a","cmhq7r4ls001sarmkxnsrb2s3","cmhq7r4l00017armkmq6x6kl4","cmhq7r4je0001armk4kiviz7e","cmhq7r4k7000jarmk2j2yiibg","cmhq7r4kf000parmkl2blyx8q","cmhq7r4kr000zarmkvs3f8j7p","SHIFT_3","2025-11-07T10:10:00.000Z","2025-11-07T10:15:00.000Z","2025-11-07T10:15:00.000Z","2025-11-07T10:25:00.000Z","2025-11-07T10:25:00.000Z","2025-11-07T11:02:00.000Z","2025-11-07T11:02:00.000Z","2025-11-07T11:10:00.000Z","2025-11-07T11:38:00.000Z",5,10,37,8,28,88,23.6298864142226,24,98.45786005926081,4.2,3.67238667371579,"COMPLETED","Cerah","FAIR",false,0,,,"LOW",0,,"2025-11-08T11:40:54.306Z","2025-11-08T11:40:54.306Z"
"cmhq7r5b800rsarmk6yfrcz9t","HA-20250115-0033","cmhq7r4lg001larmkpqarbhxr","cmhq7r4lq001rarmkuf6tgpcq","cmhq7r4l20019armk5ltvb01g","cmhq7r4je0001armk4kiviz7e","cmhq7r4k9000larmkpn8cs6rl","cmhq7r4kh000rarmkveu72zdp","cmhq7r4ks0011armkc1bo1ta9","SHIFT_3","2025-11-07T11:20:00.000Z","2025-11-07T11:26:00.000Z","2025-11-07T11:26:00.000Z","2025-11-07T11:35:00.000Z","2025-11-07T11:35:00.000Z","2025-11-07T12:09:00.000Z","2025-11-07T12:09:00.000Z","2025-11-07T12:15:00.000Z","2025-11-07T12:42:00.000Z",6,9,34,6,27,82,26.49154160028272,30,88.30513866760907,12.5,10.30663922717405,"COMPLETED","Cerah","GOOD",false,0,,,"LOW",0,,"2025-11-08T11:40:54.309Z","2025-11-08T11:40:54.309Z"
"cmhq7r5bb00ruarmknlyxyb04","HA-20250115-0034","cmhq7r4li001narmkf49nw2n1","cmhq7r4ls001sarmkxnsrb2s3","cmhq7r4l4001barmkx6vp0j31","cmhq7r4je0001armk4kiviz7e","cmhq7r4k4000harmkzyanyvqs","cmhq7r4kj000tarmk0w8z216o","cmhq7r4ku0013armkej3p1ti3","SHIFT_3","2025-11-07T12:30:00.000Z","2025-11-07T12:46:00.000Z","2025-11-07T12:46:00.000Z","2025-11-07T12:57:00.000Z","2025-11-07T12:57:00.000Z","2025-11-07T13:31:00.000Z","2025-11-07T13:31:00.000Z","2025-11-07T13:38:00.000Z","2025-11-07T14:05:00.000Z",16,11,34,7,27,95,26.49301430745691,30,88.31004769152302,2.8,2.677810645719387,"COMPLETED","Cerah","FAIR",false,0,,,"LOW",0,,"2025-11-08T11:40:54.311Z","2025-11-08T11:40:54.311Z"
"cmhq7r5be00rwarmk3nwe6k35","HA-20250115-0035","cmhq7r4ll001parmkmqvpl1y8","cmhq7r4lq001rarmkuf6tgpcq","cmhq7r4l6001darmkuuuir633","cmhq7r4je0001armk4kiviz7e","cmhq7r4k7000jarmk2j2yiibg","cmhq7r4kl000varmksymaqnsu","cmhq7r4ko000xarmkand25969","SHIFT_3","2025-11-07T13:40:00.000Z","2025-11-07T13:59:00.000Z","2025-11-07T13:59:00.000Z","2025-11-07T14:09:00.000Z","2025-11-07T14:09:00.000Z","2025-11-07T14:45:00.000Z","2025-11-07T14:45:00.000Z","2025-11-07T14:55:00.000Z","2025-11-07T15:19:00.000Z",19,10,36,10,24,99,33.03911204978537,35,94.39746299938679,3.5,3.46247308832142,"COMPLETED","Berawan","EXCELLENT",true,32,"cmhq7r4m90022armkg1ch9dxx","Delay karena Kondisi Jalan Buruk","HIGH",37,,"2025-11-08T11:40:54.314Z","2025-11-08T11:40:54.314Z"
"cmhq7r5bi00ryarmkt14ycb7c","HA-20250115-0036","cmhq7r4lb001harmk9sox759c","cmhq7r4ls001sarmkxnsrb2s3","cmhq7r4l8001farmksidjc1yq","cmhq7r4je0001armk4kiviz7e","cmhq7r4k9000larmkpn8cs6rl","cmhq7r4kd000narmk0fn7bu7g","cmhq7r4kr000zarmkvs3f8j7p","SHIFT_3","2025-11-07T14:50:00.000Z","2025-11-07T15:00:00.000Z","2025-11-07T15:00:00.000Z","2025-11-07T15:11:00.000Z","2025-11-07T15:11:00.000Z","2025-11-07T15:48:00.000Z","2025-11-07T15:48:00.000Z","2025-11-07T15:56:00.000Z","2025-11-07T16:27:00.000Z",10,11,37,8,31,97,21.87034358870176,24,91.12643161959065,4.2,4.175663478699116,"COMPLETED","Cerah","FAIR",false,0,,,"LOW",0,,"2025-11-08T11:40:54.318Z","2025-11-08T11:40:54.318Z"
"cmhq7r5bl00s0armk4wtclqzv","HA-20250115-0037","cmhq7r4lb001harmk9sox759c","cmhq7r4lq001rarmkuf6tgpcq","cmhq7r4kx0015armkllchf8n4","cmhq7r4je0001armk4kiviz7e","cmhq7r4k4000harmkzyanyvqs","cmhq7r4kd000narmk0fn7bu7g","cmhq7r4ko000xarmkand25969","SHIFT_1","2025-11-05T17:00:00.000Z","2025-11-05T17:07:00.000Z","2025-11-05T17:07:00.000Z","2025-11-05T17:19:00.000Z","2025-11-05T17:19:00.000Z","2025-11-05T17:54:00.000Z","2025-11-05T17:54:00.000Z","2025-11-05T18:00:00.000Z","2025-11-05T18:30:00.000Z",7,12,35,6,30,90,20.80403591619787,24,86.68348298415779,3.5,3.541216269244722,"COMPLETED","Berawan","FAIR",false,0,,,"LOW",0,,"2025-11-08T11:40:54.321Z","2025-11-08T11:40:54.321Z"
"cmhq7r5bn00s2armktwhtt5ei","HA-20250115-0038","cmhq7r4le001jarmk9zkkup1a","cmhq7r4ls001sarmkxnsrb2s3","cmhq7r4l00017armkmq6x6kl4","cmhq7r4je0001armk4kiviz7e","cmhq7r4k7000jarmk2j2yiibg","cmhq7r4kf000parmkl2blyx8q","cmhq7r4kr000zarmkvs3f8j7p","SHIFT_1","2025-11-05T18:10:00.000Z","2025-11-05T18:18:00.000Z","2025-11-05T18:18:00.000Z","2025-11-05T18:31:00.000Z","2025-11-05T18:31:00.000Z","2025-11-05T18:58:00.000Z","2025-11-05T18:58:00.000Z","2025-11-05T19:08:00.000Z","2025-11-05T19:28:00.000Z",8,13,27,10,20,78,23.01680749571684,24,95.90336456548684,4.2,4.22397220873162,"COMPLETED","Cerah","FAIR",true,11,"cmhq7r4mb0023armkjufy56rt","Delay karena Pengisian BBM","HIGH",16,,"2025-11-08T11:40:54.324Z","2025-11-08T11:40:54.324Z"
"cmhq7r5bq00s4armkpwazbqk5","HA-20250115-0039","cmhq7r4lg001larmkpqarbhxr","cmhq7r4lq001rarmkuf6tgpcq","cmhq7r4l20019armk5ltvb01g","cmhq7r4je0001armk4kiviz7e","cmhq7r4k9000larmkpn8cs6rl","cmhq7r4kh000rarmkveu72zdp","cmhq7r4ks0011armkc1bo1ta9","SHIFT_1","2025-11-05T19:20:00.000Z","2025-11-05T19:39:00.000Z","2025-11-05T19:39:00.000Z","2025-11-05T19:47:00.000Z","2025-11-05T19:47:00.000Z","2025-11-05T20:24:00.000Z","2025-11-05T20:24:00.000Z","2025-11-05T20:34:00.000Z","2025-11-05T20:57:00.000Z",19,8,37,10,23,97,28.12894791215383,30,93.76315970717943,12.5,12.70706458615194,"COMPLETED","Cerah","FAIR",true,35,"cmhq7r4m6001zarmkbgqgsxju","Delay karena Kerusakan Truck","HIGH",40,,"2025-11-08T11:40:54.326Z","2025-11-08T11:40:54.326Z"
"cmhq7r5bu00s6armkvjiiapl1","HA-20250115-0040","cmhq7r4li001narmkf49nw2n1","cmhq7r4ls001sarmkxnsrb2s3","cmhq7r4l4001barmkx6vp0j31","cmhq7r4je0001armk4kiviz7e","cmhq7r4k4000harmkzyanyvqs","cmhq7r4kj000tarmk0w8z216o","cmhq7r4ku0013armkej3p1ti3","SHIFT_1","2025-11-05T20:30:00.000Z","2025-11-05T20:48:00.000Z","2025-11-05T20:48:00.000Z","2025-11-05T21:01:00.000Z","2025-11-05T21:01:00.000Z","2025-11-05T21:39:00.000Z","2025-11-05T21:39:00.000Z","2025-11-05T21:45:00.000Z","2025-11-05T22:13:00.000Z",18,13,38,6,28,103,27.77431113757491,30,92.5810371252497,2.8,2.463317801689762,"COMPLETED","Cerah","FAIR",false,0,,,"LOW",0,,"2025-11-08T11:40:54.330Z","2025-11-08T11:40:54.330Z"
"cmhq7r5by00s8armkvumn7cbp","HA-20250115-0041","cmhq7r4ll001parmkmqvpl1y8","cmhq7r4lq001rarmkuf6tgpcq","cmhq7r4l6001darmkuuuir633","cmhq7r4je0001armk4kiviz7e","cmhq7r4k7000jarmk2j2yiibg","cmhq7r4kl000varmksymaqnsu","cmhq7r4ko000xarmkand25969","SHIFT_1","2025-11-05T21:40:00.000Z","2025-11-05T21:57:00.000Z","2025-11-05T21:57:00.000Z","2025-11-05T22:09:00.000Z","2025-11-05T22:09:00.000Z","2025-11-05T22:47:00.000Z","2025-11-05T22:47:00.000Z","2025-11-05T22:56:00.000Z","2025-11-05T23:22:00.000Z",17,12,38,9,26,102,30.72770227693587,35,87.79343507695964,3.5,2.880713127273451,"COMPLETED","Cerah","FAIR",false,0,,,"LOW",0,,"2025-11-08T11:40:54.334Z","2025-11-08T11:40:54.334Z"
"cmhq7r5c100saarmk7xfqxpv8","HA-20250115-0042","cmhq7r4lb001harmk9sox759c","cmhq7r4ls001sarmkxnsrb2s3","cmhq7r4l8001farmksidjc1yq","cmhq7r4je0001armk4kiviz7e","cmhq7r4k9000larmkpn8cs6rl","cmhq7r4kd000narmk0fn7bu7g","cmhq7r4kr000zarmkvs3f8j7p","SHIFT_1","2025-11-05T22:50:00.000Z","2025-11-05T22:59:00.000Z","2025-11-05T22:59:00.000Z","2025-11-05T23:09:00.000Z","2025-11-05T23:09:00.000Z","2025-11-05T23:36:00.000Z","2025-11-05T23:36:00.000Z","2025-11-05T23:43:00.000Z","2025-11-06T00:11:00.000Z",9,10,27,7,28,81,21.91343104039086,24,91.30596266829527,4.2,3.861520384799012,"COMPLETED","Cerah","FAIR",false,0,,,"LOW",0,,"2025-11-08T11:40:54.337Z","2025-11-08T11:40:54.337Z"
"cmhq7r5c400scarmkoc3mb64b","HA-20250115-0043","cmhq7r4lb001harmk9sox759c","cmhq7r4lq001rarmkuf6tgpcq","cmhq7r4kx0015armkllchf8n4","cmhq7r4je0001armk4kiviz7e","cmhq7r4k4000harmkzyanyvqs","cmhq7r4kd000narmk0fn7bu7g","cmhq7r4ko000xarmkand25969","SHIFT_2","2025-11-06T01:00:00.000Z","2025-11-06T01:19:00.000Z","2025-11-06T01:19:00.000Z","2025-11-06T01:29:00.000Z","2025-11-06T01:29:00.000Z","2025-11-06T01:59:00.000Z","2025-11-06T01:59:00.000Z","2025-11-06T02:07:00.000Z","2025-11-06T02:35:00.000Z",19,10,30,8,28,95,22.69038102771115,24,94.54325428212981,3.5,2.859784438030714,"COMPLETED","Hujan Ringan","GOOD",false,0,,,"LOW",0,,"2025-11-08T11:40:54.340Z","2025-11-08T11:40:54.340Z"
"cmhq7r5c600searmk9ymv6lt9","HA-20250115-0044","cmhq7r4le001jarmk9zkkup1a","cmhq7r4ls001sarmkxnsrb2s3","cmhq7r4l00017armkmq6x6kl4","cmhq7r4je0001armk4kiviz7e","cmhq7r4k7000jarmk2j2yiibg","cmhq7r4kf000parmkl2blyx8q","cmhq7r4kr000zarmkvs3f8j7p","SHIFT_2","2025-11-06T02:10:00.000Z","2025-11-06T02:26:00.000Z","2025-11-06T02:26:00.000Z","2025-11-06T02:35:00.000Z","2025-11-06T02:35:00.000Z","2025-11-06T03:09:00.000Z","2025-11-06T03:09:00.000Z","2025-11-06T03:15:00.000Z","2025-11-06T03:42:00.000Z",16,9,34,6,27,92,21.25046475276271,24,88.54360313651128,4.2,3.368976598422597,"COMPLETED","Berawan","EXCELLENT",false,0,,,"LOW",0,,"2025-11-08T11:40:54.342Z","2025-11-08T11:40:54.342Z"
"cmhq7r5c900sgarmkwhizatb9","HA-20250115-0045","cmhq7r4lg001larmkpqarbhxr","cmhq7r4lq001rarmkuf6tgpcq","cmhq7r4l20019armk5ltvb01g","cmhq7r4je0001armk4kiviz7e","cmhq7r4k9000larmkpn8cs6rl","cmhq7r4kh000rarmkveu72zdp","cmhq7r4ks0011armkc1bo1ta9","SHIFT_2","2025-11-06T03:20:00.000Z","2025-11-06T03:28:00.000Z","2025-11-06T03:28:00.000Z","2025-11-06T03:40:00.000Z","2025-11-06T03:40:00.000Z","2025-11-06T04:09:00.000Z","2025-11-06T04:09:00.000Z","2025-11-06T04:18:00.000Z","2025-11-06T04:42:00.000Z",8,12,29,9,24,82,29.65739988662213,30,98.85799962207376,12.5,10.26379787550551,"COMPLETED","Cerah","EXCELLENT",false,0,,,"LOW",0,,"2025-11-08T11:40:54.345Z","2025-11-08T11:40:54.345Z"
"cmhq7r5cc00siarmkn5hnu31i","HA-20250115-0046","cmhq7r4li001narmkf49nw2n1","cmhq7r4ls001sarmkxnsrb2s3","cmhq7r4l4001barmkx6vp0j31","cmhq7r4je0001armk4kiviz7e","cmhq7r4k4000harmkzyanyvqs","cmhq7r4kj000tarmk0w8z216o","cmhq7r4ku0013armkej3p1ti3","SHIFT_2","2025-11-06T04:30:00.000Z","2025-11-06T04:40:00.000Z","2025-11-06T04:40:00.000Z","2025-11-06T04:51:00.000Z","2025-11-06T04:51:00.000Z","2025-11-06T05:26:00.000Z","2025-11-06T05:26:00.000Z","2025-11-06T05:35:00.000Z","2025-11-06T06:04:00.000Z",10,11,35,9,29,94,27.00469115102355,30,90.0156371700785,2.8,2.420072971717897,"COMPLETED","Cerah","GOOD",false,0,,,"LOW",0,,"2025-11-08T11:40:54.348Z","2025-11-08T11:40:54.348Z"
"cmhq7r5cf00skarmkbyr2t4vi","HA-20250115-0047","cmhq7r4ll001parmkmqvpl1y8","cmhq7r4lq001rarmkuf6tgpcq","cmhq7r4l6001darmkuuuir633","cmhq7r4je0001armk4kiviz7e","cmhq7r4k7000jarmk2j2yiibg","cmhq7r4kl000varmksymaqnsu","cmhq7r4ko000xarmkand25969","SHIFT_2","2025-11-06T05:40:00.000Z","2025-11-06T05:47:00.000Z","2025-11-06T05:47:00.000Z","2025-11-06T06:00:00.000Z","2025-11-06T06:00:00.000Z","2025-11-06T06:38:00.000Z","2025-11-06T06:38:00.000Z","2025-11-06T06:45:00.000Z","2025-11-06T07:14:00.000Z",7,13,38,7,29,94,33.59021441633628,35,95.97204118953223,3.5,2.902809858985461,"COMPLETED","Berawan","EXCELLENT",false,0,,,"LOW",0,,"2025-11-08T11:40:54.351Z","2025-11-08T11:40:54.351Z"
"cmhq7r5ci00smarmkj6gfln2o","HA-20250115-0048","cmhq7r4lb001harmk9sox759c","cmhq7r4ls001sarmkxnsrb2s3","cmhq7r4l8001farmksidjc1yq","cmhq7r4je0001armk4kiviz7e","cmhq7r4k9000larmkpn8cs6rl","cmhq7r4kd000narmk0fn7bu7g","cmhq7r4kr000zarmkvs3f8j7p","SHIFT_2","2025-11-06T06:50:00.000Z","2025-11-06T06:57:00.000Z","2025-11-06T06:57:00.000Z","2025-11-06T07:08:00.000Z","2025-11-06T07:08:00.000Z","2025-11-06T07:34:00.000Z","2025-11-06T07:34:00.000Z","2025-11-06T07:42:00.000Z","2025-11-06T08:04:00.000Z",7,11,26,8,22,74,21.50133349193764,24,89.58888954974014,4.2,3.714144873697507,"COMPLETED","Cerah","GOOD",false,0,,,"LOW",0,,"2025-11-08T11:40:54.354Z","2025-11-08T11:40:54.354Z"
"cmhq7r5cl00soarmk65kgbsrg","HA-20250115-0049","cmhq7r4lb001harmk9sox759c","cmhq7r4lq001rarmkuf6tgpcq","cmhq7r4kx0015armkllchf8n4","cmhq7r4je0001armk4kiviz7e","cmhq7r4k4000harmkzyanyvqs","cmhq7r4kd000narmk0fn7bu7g","cmhq7r4ko000xarmkand25969","SHIFT_3","2025-11-06T09:00:00.000Z","2025-11-06T09:14:00.000Z","2025-11-06T09:14:00.000Z","2025-11-06T09:25:00.000Z","2025-11-06T09:25:00.000Z","2025-11-06T10:03:00.000Z","2025-11-06T10:03:00.000Z","2025-11-06T10:09:00.000Z","2025-11-06T10:37:00.000Z",14,11,38,6,28,97,22.20828912254991,24,92.53453801062462,3.5,3.628406089425321,"COMPLETED","Cerah","GOOD",true,29,"cmhq7r4m90022armkg1ch9dxx","Delay karena Kondisi Jalan Buruk","HIGH",34,,"2025-11-08T11:40:54.357Z","2025-11-08T11:40:54.357Z"
"cmhq7r5cn00sqarmkxyn1uczt","HA-20250115-0050","cmhq7r4le001jarmk9zkkup1a","cmhq7r4ls001sarmkxnsrb2s3","cmhq7r4l00017armkmq6x6kl4","cmhq7r4je0001armk4kiviz7e","cmhq7r4k7000jarmk2j2yiibg","cmhq7r4kf000parmkl2blyx8q","cmhq7r4kr000zarmkvs3f8j7p","SHIFT_3","2025-11-06T10:10:00.000Z","2025-11-06T10:17:00.000Z","2025-11-06T10:17:00.000Z","2025-11-06T10:25:00.000Z","2025-11-06T10:25:00.000Z","2025-11-06T10:57:00.000Z","2025-11-06T10:57:00.000Z","2025-11-06T11:03:00.000Z","2025-11-06T11:32:00.000Z",7,8,32,6,29,82,20.9479353778957,24,87.28306407456542,4.2,3.928645317029443,"COMPLETED","Cerah","FAIR",false,0,,,"LOW",0,,"2025-11-08T11:40:54.360Z","2025-11-08T11:40:54.360Z"
"cmhq7r5cq00ssarmk0gizqlyt","HA-20250115-0051","cmhq7r4lg001larmkpqarbhxr","cmhq7r4lq001rarmkuf6tgpcq","cmhq7r4l20019armk5ltvb01g","cmhq7r4je0001armk4kiviz7e","cmhq7r4k9000larmkpn8cs6rl","cmhq7r4kh000rarmkveu72zdp","cmhq7r4ks0011armkc1bo1ta9","SHIFT_3","2025-11-06T11:20:00.000Z","2025-11-06T11:37:00.000Z","2025-11-06T11:37:00.000Z","2025-11-06T11:48:00.000Z","2025-11-06T11:48:00.000Z","2025-11-06T12:24:00.000Z","2025-11-06T12:24:00.000Z","2025-11-06T12:30:00.000Z","2025-11-06T12:53:00.000Z",17,11,36,6,23,93,25.95615001072031,30,86.52050003573437,12.5,12.85722288263346,"COMPLETED","Cerah","GOOD",false,0,,,"LOW",0,,"2025-11-08T11:40:54.362Z","2025-11-08T11:40:54.362Z"
"cmhq7r5ct00suarmk3ljni05c","HA-20250115-0052","cmhq7r4li001narmkf49nw2n1","cmhq7r4ls001sarmkxnsrb2s3","cmhq7r4l4001barmkx6vp0j31","cmhq7r4je0001armk4kiviz7e","cmhq7r4k4000harmkzyanyvqs","cmhq7r4kj000tarmk0w8z216o","cmhq7r4ku0013armkej3p1ti3","SHIFT_3","2025-11-06T12:30:00.000Z","2025-11-06T12:48:00.000Z","2025-11-06T12:48:00.000Z","2025-11-06T12:57:00.000Z","2025-11-06T12:57:00.000Z","2025-11-06T13:22:00.000Z","2025-11-06T13:22:00.000Z","2025-11-06T13:32:00.000Z","2025-11-06T14:02:00.000Z",18,9,25,10,30,92,27.44802363812341,30,91.49341212707805,2.8,2.366151595544994,"COMPLETED","Berawan","EXCELLENT",false,0,,,"LOW",0,,"2025-11-08T11:40:54.366Z","2025-11-08T11:40:54.366Z"
"cmhq7r5cx00swarmkvdxkyawy","HA-20250115-0053","cmhq7r4ll001parmkmqvpl1y8","cmhq7r4lq001rarmkuf6tgpcq","cmhq7r4l6001darmkuuuir633","cmhq7r4je0001armk4kiviz7e","cmhq7r4k7000jarmk2j2yiibg","cmhq7r4kl000varmksymaqnsu","cmhq7r4ko000xarmkand25969","SHIFT_3","2025-11-06T13:40:00.000Z","2025-11-06T13:51:00.000Z","2025-11-06T13:51:00.000Z","2025-11-06T14:00:00.000Z","2025-11-06T14:00:00.000Z","2025-11-06T14:34:00.000Z","2025-11-06T14:34:00.000Z","2025-11-06T14:41:00.000Z","2025-11-06T15:08:00.000Z",11,9,34,7,27,88,32.11382562592335,35,91.75378750263815,3.5,3.386149121560645,"COMPLETED","Hujan Ringan","GOOD",false,0,,,"LOW",0,,"2025-11-08T11:40:54.370Z","2025-11-08T11:40:54.370Z"
"cmhq7r5d000syarmktaa69k0o","HA-20250115-0054","cmhq7r4lb001harmk9sox759c","cmhq7r4ls001sarmkxnsrb2s3","cmhq7r4l8001farmksidjc1yq","cmhq7r4je0001armk4kiviz7e","cmhq7r4k9000larmkpn8cs6rl","cmhq7r4kd000narmk0fn7bu7g","cmhq7r4kr000zarmkvs3f8j7p","SHIFT_3","2025-11-06T14:50:00.000Z","2025-11-06T15:05:00.000Z","2025-11-06T15:05:00.000Z","2025-11-06T15:13:00.000Z","2025-11-06T15:13:00.000Z","2025-11-06T15:43:00.000Z","2025-11-06T15:43:00.000Z","2025-11-06T15:52:00.000Z","2025-11-06T16:16:00.000Z",15,8,30,9,24,86,22.77444519488935,24,94.89352164537229,4.2,3.853906992185752,"COMPLETED","Hujan Ringan","EXCELLENT",false,0,,,"LOW",0,,"2025-11-08T11:40:54.372Z","2025-11-08T11:40:54.372Z"
"cmhq7r5d300t0armkpxwbrsrf","HA-20250115-0055","cmhq7r4lb001harmk9sox759c","cmhq7r4lq001rarmkuf6tgpcq","cmhq7r4kx0015armkllchf8n4","cmhq7r4je0001armk4kiviz7e","cmhq7r4k4000harmkzyanyvqs","cmhq7r4kd000narmk0fn7bu7g","cmhq7r4ko000xarmkand25969","SHIFT_1","2025-11-04T17:00:00.000Z","2025-11-04T17:08:00.000Z","2025-11-04T17:08:00.000Z","2025-11-04T17:20:00.000Z","2025-11-04T17:20:00.000Z","2025-11-04T17:59:00.000Z","2025-11-04T17:59:00.000Z","2025-11-04T18:07:00.000Z","2025-11-04T18:27:00.000Z",8,12,39,8,20,87,21.649996850007,24,90.20832020836251,3.5,3.192574519509158,"COMPLETED","Hujan Ringan","GOOD",false,0,,,"LOW",0,,"2025-11-08T11:40:54.375Z","2025-11-08T11:40:54.375Z"
"cmhq7r5d600t2armk77uwoor8","HA-20250115-0056","cmhq7r4le001jarmk9zkkup1a","cmhq7r4ls001sarmkxnsrb2s3","cmhq7r4l00017armkmq6x6kl4","cmhq7r4je0001armk4kiviz7e","cmhq7r4k7000jarmk2j2yiibg","cmhq7r4kf000parmkl2blyx8q","cmhq7r4kr000zarmkvs3f8j7p","SHIFT_1","2025-11-04T18:10:00.000Z","2025-11-04T18:21:00.000Z","2025-11-04T18:21:00.000Z","2025-11-04T18:32:00.000Z","2025-11-04T18:32:00.000Z","2025-11-04T19:10:00.000Z","2025-11-04T19:10:00.000Z","2025-11-04T19:20:00.000Z","2025-11-04T19:44:00.000Z",11,11,38,10,24,94,23.3050810128322,24,97.10450422013417,4.2,4.052040771712368,"COMPLETED","Hujan Ringan","EXCELLENT",true,16,"cmhq7r4m80021armkcrywk5hl","Delay karena Antrian Panjang","HIGH",21,,"2025-11-08T11:40:54.378Z","2025-11-08T11:40:54.378Z"
"cmhq7r5d900t4armkvhmfysrh","HA-20250115-0057","cmhq7r4lg001larmkpqarbhxr","cmhq7r4lq001rarmkuf6tgpcq","cmhq7r4l20019armk5ltvb01g","cmhq7r4je0001armk4kiviz7e","cmhq7r4k9000larmkpn8cs6rl","cmhq7r4kh000rarmkveu72zdp","cmhq7r4ks0011armkc1bo1ta9","SHIFT_1","2025-11-04T19:20:00.000Z","2025-11-04T19:31:00.000Z","2025-11-04T19:31:00.000Z","2025-11-04T19:42:00.000Z","2025-11-04T19:42:00.000Z","2025-11-04T20:20:00.000Z","2025-11-04T20:20:00.000Z","2025-11-04T20:29:00.000Z","2025-11-04T20:53:00.000Z",11,11,38,9,24,93,28.58812125114697,30,95.29373750382324,12.5,12.8639605173689,"COMPLETED","Cerah","FAIR",true,18,"cmhq7r4m90022armkg1ch9dxx","Delay karena Kondisi Jalan Buruk","HIGH",23,,"2025-11-08T11:40:54.381Z","2025-11-08T11:40:54.381Z"
"cmhq7r5dc00t6armklrytkvlb","HA-20250115-0058","cmhq7r4li001narmkf49nw2n1","cmhq7r4ls001sarmkxnsrb2s3","cmhq7r4l4001barmkx6vp0j31","cmhq7r4je0001armk4kiviz7e","cmhq7r4k4000harmkzyanyvqs","cmhq7r4kj000tarmk0w8z216o","cmhq7r4ku0013armkej3p1ti3","SHIFT_1","2025-11-04T20:30:00.000Z","2025-11-04T20:42:00.000Z","2025-11-04T20:42:00.000Z","2025-11-04T20:56:00.000Z","2025-11-04T20:56:00.000Z","2025-11-04T21:34:00.000Z","2025-11-04T21:34:00.000Z","2025-11-04T21:42:00.000Z","2025-11-04T22:11:00.000Z",12,14,38,8,29,101,26.02453798415889,30,86.74845994719631,2.8,2.280140221792117,"COMPLETED","Hujan Ringan","GOOD",false,0,,,"LOW",0,,"2025-11-08T11:40:54.384Z","2025-11-08T11:40:54.384Z"
"cmhq7r5df00t8armk255w6rdu","HA-20250115-0059","cmhq7r4ll001parmkmqvpl1y8","cmhq7r4lq001rarmkuf6tgpcq","cmhq7r4l6001darmkuuuir633","cmhq7r4je0001armk4kiviz7e","cmhq7r4k7000jarmk2j2yiibg","cmhq7r4kl000varmksymaqnsu","cmhq7r4ko000xarmkand25969","SHIFT_1","2025-11-04T21:40:00.000Z","2025-11-04T21:45:00.000Z","2025-11-04T21:45:00.000Z","2025-11-04T21:57:00.000Z","2025-11-04T21:57:00.000Z","2025-11-04T22:29:00.000Z","2025-11-04T22:29:00.000Z","2025-11-04T22:36:00.000Z","2025-11-04T23:01:00.000Z",5,12,32,7,25,81,32.43268125804747,35,92.66480359442136,3.5,3.245086782329751,"COMPLETED","Berawan","GOOD",false,0,,,"LOW",0,,"2025-11-08T11:40:54.387Z","2025-11-08T11:40:54.387Z"
"cmhq7r5di00taarmkdpb6imi5","HA-20250115-0060","cmhq7r4lb001harmk9sox759c","cmhq7r4ls001sarmkxnsrb2s3","cmhq7r4l8001farmksidjc1yq","cmhq7r4je0001armk4kiviz7e","cmhq7r4k9000larmkpn8cs6rl","cmhq7r4kd000narmk0fn7bu7g","cmhq7r4kr000zarmkvs3f8j7p","SHIFT_1","2025-11-04T22:50:00.000Z","2025-11-04T23:01:00.000Z","2025-11-04T23:01:00.000Z","2025-11-04T23:14:00.000Z","2025-11-04T23:14:00.000Z","2025-11-04T23:44:00.000Z","2025-11-04T23:44:00.000Z","2025-11-04T23:51:00.000Z","2025-11-05T00:18:00.000Z",11,13,30,7,27,88,23.23408821547006,24,96.80870089779191,4.2,3.963369873010346,"COMPLETED","Berawan","EXCELLENT",false,0,,,"LOW",0,,"2025-11-08T11:40:54.390Z","2025-11-08T11:40:54.390Z"
"cmhq7r5dk00tcarmkwfwl1ert","HA-20250115-0061","cmhq7r4lb001harmk9sox759c","cmhq7r4lq001rarmkuf6tgpcq","cmhq7r4kx0015armkllchf8n4","cmhq7r4je0001armk4kiviz7e","cmhq7r4k4000harmkzyanyvqs","cmhq7r4kd000narmk0fn7bu7g","cmhq7r4ko000xarmkand25969","SHIFT_2","2025-11-05T01:00:00.000Z","2025-11-05T01:12:00.000Z","2025-11-05T01:12:00.000Z","2025-11-05T01:25:00.000Z","2025-11-05T01:25:00.000Z","2025-11-05T01:58:00.000Z","2025-11-05T01:58:00.000Z","2025-11-05T02:04:00.000Z","2025-11-05T02:30:00.000Z",12,13,33,6,26,90,20.43937764108706,24,85.1640735045294,3.5,2.911199465057981,"COMPLETED","Cerah","FAIR",false,0,,,"LOW",0,,"2025-11-08T11:40:54.393Z","2025-11-08T11:40:54.393Z"
"cmhq7r5dn00tearmkb1kxlik3","HA-20250115-0062","cmhq7r4le001jarmk9zkkup1a","cmhq7r4ls001sarmkxnsrb2s3","cmhq7r4l00017armkmq6x6kl4","cmhq7r4je0001armk4kiviz7e","cmhq7r4k7000jarmk2j2yiibg","cmhq7r4kf000parmkl2blyx8q","cmhq7r4kr000zarmkvs3f8j7p","SHIFT_2","2025-11-05T02:10:00.000Z","2025-11-05T02:27:00.000Z","2025-11-05T02:27:00.000Z","2025-11-05T02:36:00.000Z","2025-11-05T02:36:00.000Z","2025-11-05T03:05:00.000Z","2025-11-05T03:05:00.000Z","2025-11-05T03:11:00.000Z","2025-11-05T03:39:00.000Z",17,9,29,6,28,89,21.17187732456552,24,88.21615551902299,4.2,3.438353109542853,"COMPLETED","Hujan Ringan","FAIR",false,0,,,"LOW",0,,"2025-11-08T11:40:54.396Z","2025-11-08T11:40:54.396Z"
"cmhq7r5dq00tgarmk4582coai","HA-20250115-0063","cmhq7r4lg001larmkpqarbhxr","cmhq7r4lq001rarmkuf6tgpcq","cmhq7r4l20019armk5ltvb01g","cmhq7r4je0001armk4kiviz7e","cmhq7r4k9000larmkpn8cs6rl","cmhq7r4kh000rarmkveu72zdp","cmhq7r4ks0011armkc1bo1ta9","SHIFT_2","2025-11-05T03:20:00.000Z","2025-11-05T03:26:00.000Z","2025-11-05T03:26:00.000Z","2025-11-05T03:36:00.000Z","2025-11-05T03:36:00.000Z","2025-11-05T04:05:00.000Z","2025-11-05T04:05:00.000Z","2025-11-05T04:14:00.000Z","2025-11-05T04:39:00.000Z",6,10,29,9,25,79,26.01627581290224,30,86.72091937634082,12.5,12.93274900988509,"COMPLETED","Hujan Ringan","FAIR",false,0,,,"LOW",0,,"2025-11-08T11:40:54.399Z","2025-11-08T11:40:54.399Z"
"cmhq7r5du00tiarmkc5g4d759","HA-20250115-0064","cmhq7r4li001narmkf49nw2n1","cmhq7r4ls001sarmkxnsrb2s3","cmhq7r4l4001barmkx6vp0j31","cmhq7r4je0001armk4kiviz7e","cmhq7r4k4000harmkzyanyvqs","cmhq7r4kj000tarmk0w8z216o","cmhq7r4ku0013armkej3p1ti3","SHIFT_2","2025-11-05T04:30:00.000Z","2025-11-05T04:35:00.000Z","2025-11-05T04:35:00.000Z","2025-11-05T04:45:00.000Z","2025-11-05T04:45:00.000Z","2025-11-05T05:14:00.000Z","2025-11-05T05:14:00.000Z","2025-11-05T05:23:00.000Z","2025-11-05T05:54:00.000Z",5,10,29,9,31,84,28.12459186377054,30,93.7486395459018,2.8,2.298797342832246,"COMPLETED","Berawan","EXCELLENT",false,0,,,"LOW",0,,"2025-11-08T11:40:54.402Z","2025-11-08T11:40:54.402Z"
"cmhq7r5dx00tkarmkfwdhxqss","HA-20250115-0065","cmhq7r4ll001parmkmqvpl1y8","cmhq7r4lq001rarmkuf6tgpcq","cmhq7r4l6001darmkuuuir633","cmhq7r4je0001armk4kiviz7e","cmhq7r4k7000jarmk2j2yiibg","cmhq7r4kl000varmksymaqnsu","cmhq7r4ko000xarmkand25969","SHIFT_2","2025-11-05T05:40:00.000Z","2025-11-05T05:54:00.000Z","2025-11-05T05:54:00.000Z","2025-11-05T06:02:00.000Z","2025-11-05T06:02:00.000Z","2025-11-05T06:30:00.000Z","2025-11-05T06:30:00.000Z","2025-11-05T06:36:00.000Z","2025-11-05T07:07:00.000Z",14,8,28,6,31,87,33.54431229121992,35,95.84089226062835,3.5,3.532928022599573,"COMPLETED","Cerah","FAIR",false,0,,,"LOW",0,,"2025-11-08T11:40:54.405Z","2025-11-08T11:40:54.405Z"
"cmhq7r5dz00tmarmk89eopj8i","HA-20250115-0066","cmhq7r4lb001harmk9sox759c","cmhq7r4ls001sarmkxnsrb2s3","cmhq7r4l8001farmksidjc1yq","cmhq7r4je0001armk4kiviz7e","cmhq7r4k9000larmkpn8cs6rl","cmhq7r4kd000narmk0fn7bu7g","cmhq7r4kr000zarmkvs3f8j7p","SHIFT_2","2025-11-05T06:50:00.000Z","2025-11-05T07:02:00.000Z","2025-11-05T07:02:00.000Z","2025-11-05T07:12:00.000Z","2025-11-05T07:12:00.000Z","2025-11-05T07:43:00.000Z","2025-11-05T07:43:00.000Z","2025-11-05T07:49:00.000Z","2025-11-05T08:17:00.000Z",12,10,31,6,28,87,21.61474232783394,24,90.06142636597475,4.2,3.898374431570295,"COMPLETED","Cerah","FAIR",true,29,"cmhq7r4m90022armkg1ch9dxx","Delay karena Kondisi Jalan Buruk","HIGH",34,,"2025-11-08T11:40:54.408Z","2025-11-08T11:40:54.408Z"
"cmhq7r5e200toarmkbc5669i7","HA-20250115-0067","cmhq7r4lb001harmk9sox759c","cmhq7r4lq001rarmkuf6tgpcq","cmhq7r4kx0015armkllchf8n4","cmhq7r4je0001armk4kiviz7e","cmhq7r4k4000harmkzyanyvqs","cmhq7r4kd000narmk0fn7bu7g","cmhq7r4ko000xarmkand25969","SHIFT_3","2025-11-05T09:00:00.000Z","2025-11-05T09:09:00.000Z","2025-11-05T09:09:00.000Z","2025-11-05T09:18:00.000Z","2025-11-05T09:18:00.000Z","2025-11-05T09:57:00.000Z","2025-11-05T09:57:00.000Z","2025-11-05T10:04:00.000Z","2025-11-05T10:28:00.000Z",9,9,39,7,24,88,22.21218819333853,24,92.55078413891054,3.5,2.995616971394237,"COMPLETED","Hujan Ringan","EXCELLENT",false,0,,,"LOW",0,,"2025-11-08T11:40:54.411Z","2025-11-08T11:40:54.411Z"
"cmhq7r5e500tqarmkhfw07f3i","HA-20250115-0068","cmhq7r4le001jarmk9zkkup1a","cmhq7r4ls001sarmkxnsrb2s3","cmhq7r4l00017armkmq6x6kl4","cmhq7r4je0001armk4kiviz7e","cmhq7r4k7000jarmk2j2yiibg","cmhq7r4kf000parmkl2blyx8q","cmhq7r4kr000zarmkvs3f8j7p","SHIFT_3","2025-11-05T10:10:00.000Z","2025-11-05T10:25:00.000Z","2025-11-05T10:25:00.000Z","2025-11-05T10:39:00.000Z","2025-11-05T10:39:00.000Z","2025-11-05T11:07:00.000Z","2025-11-05T11:07:00.000Z","2025-11-05T11:15:00.000Z","2025-11-05T11:38:00.000Z",15,14,28,8,23,88,23.18298154125035,24,96.59575642187646,4.2,4.198224306698584,"COMPLETED","Cerah","FAIR",false,0,,,"LOW",0,,"2025-11-08T11:40:54.413Z","2025-11-08T11:40:54.413Z"
"cmhq7r5e800tsarmknsoo9t3j","HA-20250115-0069","cmhq7r4lg001larmkpqarbhxr","cmhq7r4lq001rarmkuf6tgpcq","cmhq7r4l20019armk5ltvb01g","cmhq7r4je0001armk4kiviz7e","cmhq7r4k9000larmkpn8cs6rl","cmhq7r4kh000rarmkveu72zdp","cmhq7r4ks0011armkc1bo1ta9","SHIFT_3","2025-11-05T11:20:00.000Z","2025-11-05T11:37:00.000Z","2025-11-05T11:37:00.000Z","2025-11-05T11:46:00.000Z","2025-11-05T11:46:00.000Z","2025-11-05T12:11:00.000Z","2025-11-05T12:11:00.000Z","2025-11-05T12:18:00.000Z","2025-11-05T12:38:00.000Z",17,9,25,7,20,78,29.25643888306457,30,97.52146294354857,12.5,12.41558586332893,"COMPLETED","Cerah","EXCELLENT",false,0,,,"LOW",0,,"2025-11-08T11:40:54.417Z","2025-11-08T11:40:54.417Z"
"cmhq7r5ec00tuarmklv5fu167","HA-20250115-0070","cmhq7r4li001narmkf49nw2n1","cmhq7r4ls001sarmkxnsrb2s3","cmhq7r4l4001barmkx6vp0j31","cmhq7r4je0001armk4kiviz7e","cmhq7r4k4000harmkzyanyvqs","cmhq7r4kj000tarmk0w8z216o","cmhq7r4ku0013armkej3p1ti3","SHIFT_3","2025-11-05T12:30:00.000Z","2025-11-05T12:47:00.000Z","2025-11-05T12:47:00.000Z","2025-11-05T12:59:00.000Z","2025-11-05T12:59:00.000Z","2025-11-05T13:31:00.000Z","2025-11-05T13:31:00.000Z","2025-11-05T13:39:00.000Z","2025-11-05T14:09:00.000Z",17,12,32,8,30,99,29.29509044127707,30,97.65030147092357,2.8,2.638061486491539,"COMPLETED","Berawan","GOOD",false,0,,,"LOW",0,,"2025-11-08T11:40:54.420Z","2025-11-08T11:40:54.420Z"
"cmhq7r5ee00twarmkpwyfm1d5","HA-20250115-0071","cmhq7r4ll001parmkmqvpl1y8","cmhq7r4lq001rarmkuf6tgpcq","cmhq7r4l6001darmkuuuir633","cmhq7r4je0001armk4kiviz7e","cmhq7r4k7000jarmk2j2yiibg","cmhq7r4kl000varmksymaqnsu","cmhq7r4ko000xarmkand25969","SHIFT_3","2025-11-05T13:40:00.000Z","2025-11-05T13:49:00.000Z","2025-11-05T13:49:00.000Z","2025-11-05T14:03:00.000Z","2025-11-05T14:03:00.000Z","2025-11-05T14:41:00.000Z","2025-11-05T14:41:00.000Z","2025-11-05T14:50:00.000Z","2025-11-05T15:12:00.000Z",9,14,38,9,22,92,30.94036236876144,35,88.4010353393184,3.5,3.525066971758457,"COMPLETED","Berawan","EXCELLENT",true,28,"cmhq7r4m70020armk6b2v9kt7","Delay karena Kerusakan Excavator","HIGH",33,,"2025-11-08T11:40:54.423Z","2025-11-08T11:40:54.423Z"
"cmhq7r5eh00tyarmkx0s26bmj","HA-20250115-0072","cmhq7r4lb001harmk9sox759c","cmhq7r4ls001sarmkxnsrb2s3","cmhq7r4l8001farmksidjc1yq","cmhq7r4je0001armk4kiviz7e","cmhq7r4k9000larmkpn8cs6rl","cmhq7r4kd000narmk0fn7bu7g","cmhq7r4kr000zarmkvs3f8j7p","SHIFT_3","2025-11-05T14:50:00.000Z","2025-11-05T14:57:00.000Z","2025-11-05T14:57:00.000Z","2025-11-05T15:07:00.000Z","2025-11-05T15:07:00.000Z","2025-11-05T15:32:00.000Z","2025-11-05T15:32:00.000Z","2025-11-05T15:38:00.000Z","2025-11-05T15:58:00.000Z",7,10,25,6,20,68,20.83115331561327,24,86.79647214838864,4.2,3.44037927051161,"COMPLETED","Berawan","FAIR",true,38,"cmhq7r4mc0024armkv969f6zg","Delay karena Safety Inspection","HIGH",43,,"2025-11-08T11:40:54.425Z","2025-11-08T11:40:54.425Z"
"cmhq7r5ek00u0armk02229ngk","HA-20250115-0073","cmhq7r4lb001harmk9sox759c","cmhq7r4lq001rarmkuf6tgpcq","cmhq7r4kx0015armkllchf8n4","cmhq7r4je0001armk4kiviz7e","cmhq7r4k4000harmkzyanyvqs","cmhq7r4kd000narmk0fn7bu7g","cmhq7r4ko000xarmkand25969","SHIFT_1","2025-11-03T17:00:00.000Z","2025-11-03T17:17:00.000Z","2025-11-03T17:17:00.000Z","2025-11-03T17:25:00.000Z","2025-11-03T17:25:00.000Z","2025-11-03T17:54:00.000Z","2025-11-03T17:54:00.000Z","2025-11-03T18:03:00.000Z","2025-11-03T18:25:00.000Z",17,8,29,9,22,85,20.74024255539081,24,86.41767731412835,3.5,3.30815355301483,"COMPLETED","Hujan Ringan","EXCELLENT",false,0,,,"LOW",0,,"2025-11-08T11:40:54.428Z","2025-11-08T11:40:54.428Z"
"cmhq7r5en00u2armkq2099hxw","HA-20250115-0074","cmhq7r4le001jarmk9zkkup1a","cmhq7r4ls001sarmkxnsrb2s3","cmhq7r4l00017armkmq6x6kl4","cmhq7r4je0001armk4kiviz7e","cmhq7r4k7000jarmk2j2yiibg","cmhq7r4kf000parmkl2blyx8q","cmhq7r4kr000zarmkvs3f8j7p","SHIFT_1","2025-11-03T18:10:00.000Z","2025-11-03T18:25:00.000Z","2025-11-03T18:25:00.000Z","2025-11-03T18:35:00.000Z","2025-11-03T18:35:00.000Z","2025-11-03T19:03:00.000Z","2025-11-03T19:03:00.000Z","2025-11-03T19:12:00.000Z","2025-11-03T19:37:00.000Z",15,10,28,9,25,87,22.13924418494803,24,92.24685077061677,4.2,3.411995642998833,"COMPLETED","Cerah","EXCELLENT",false,0,,,"LOW",0,,"2025-11-08T11:40:54.431Z","2025-11-08T11:40:54.431Z"
"cmhq7r5eq00u4armkdy8dy8uk","HA-20250115-0075","cmhq7r4lg001larmkpqarbhxr","cmhq7r4lq001rarmkuf6tgpcq","cmhq7r4l20019armk5ltvb01g","cmhq7r4je0001armk4kiviz7e","cmhq7r4k9000larmkpn8cs6rl","cmhq7r4kh000rarmkveu72zdp","cmhq7r4ks0011armkc1bo1ta9","SHIFT_1","2025-11-03T19:20:00.000Z","2025-11-03T19:34:00.000Z","2025-11-03T19:34:00.000Z","2025-11-03T19:44:00.000Z","2025-11-03T19:44:00.000Z","2025-11-03T20:11:00.000Z","2025-11-03T20:11:00.000Z","2025-11-03T20:21:00.000Z","2025-11-03T20:48:00.000Z",14,10,27,10,27,88,29.21150868437736,30,97.37169561459119,12.5,11.12863420623104,"COMPLETED","Berawan","FAIR",true,20,"cmhq7r4m70020armk6b2v9kt7","Delay karena Kerusakan Excavator","HIGH",25,,"2025-11-08T11:40:54.434Z","2025-11-08T11:40:54.434Z"
"cmhq7r5es00u6armk2aj4ka9y","HA-20250115-0076","cmhq7r4li001narmkf49nw2n1","cmhq7r4ls001sarmkxnsrb2s3","cmhq7r4l4001barmkx6vp0j31","cmhq7r4je0001armk4kiviz7e","cmhq7r4k4000harmkzyanyvqs","cmhq7r4kj000tarmk0w8z216o","cmhq7r4ku0013armkej3p1ti3","SHIFT_1","2025-11-03T20:30:00.000Z","2025-11-03T20:41:00.000Z","2025-11-03T20:41:00.000Z","2025-11-03T20:49:00.000Z","2025-11-03T20:49:00.000Z","2025-11-03T21:23:00.000Z","2025-11-03T21:23:00.000Z","2025-11-03T21:30:00.000Z","2025-11-03T21:54:00.000Z",11,8,34,7,24,84,27.72852753507802,30,92.42842511692672,2.8,2.247815204937001,"COMPLETED","Cerah","FAIR",false,0,,,"LOW",0,,"2025-11-08T11:40:54.437Z","2025-11-08T11:40:54.437Z"
"cmhq7r5ev00u8armk923csevt","HA-20250115-0077","cmhq7r4ll001parmkmqvpl1y8","cmhq7r4lq001rarmkuf6tgpcq","cmhq7r4l6001darmkuuuir633","cmhq7r4je0001armk4kiviz7e","cmhq7r4k7000jarmk2j2yiibg","cmhq7r4kl000varmksymaqnsu","cmhq7r4ko000xarmkand25969","SHIFT_1","2025-11-03T21:40:00.000Z","2025-11-03T21:56:00.000Z","2025-11-03T21:56:00.000Z","2025-11-03T22:05:00.000Z","2025-11-03T22:05:00.000Z","2025-11-03T22:41:00.000Z","2025-11-03T22:41:00.000Z","2025-11-03T22:51:00.000Z","2025-11-03T23:19:00.000Z",16,9,36,10,28,99,34.86393891659224,35,99.61125404740639,3.5,3.242666088184017,"COMPLETED","Hujan Ringan","EXCELLENT",false,0,,,"LOW",0,,"2025-11-08T11:40:54.439Z","2025-11-08T11:40:54.439Z"
"cmhq7r5ey00uaarmkr4m7dlgl","HA-20250115-0078","cmhq7r4lb001harmk9sox759c","cmhq7r4ls001sarmkxnsrb2s3","cmhq7r4l8001farmksidjc1yq","cmhq7r4je0001armk4kiviz7e","cmhq7r4k9000larmkpn8cs6rl","cmhq7r4kd000narmk0fn7bu7g","cmhq7r4kr000zarmkvs3f8j7p","SHIFT_1","2025-11-03T22:50:00.000Z","2025-11-03T22:57:00.000Z","2025-11-03T22:57:00.000Z","2025-11-03T23:08:00.000Z","2025-11-03T23:08:00.000Z","2025-11-03T23:47:00.000Z","2025-11-03T23:47:00.000Z","2025-11-03T23:53:00.000Z","2025-11-04T00:21:00.000Z",7,11,39,6,28,91,21.37491860268655,24,89.0621608445273,4.2,3.723531414778427,"COMPLETED","Cerah","GOOD",false,0,,,"LOW",0,,"2025-11-08T11:40:54.443Z","2025-11-08T11:40:54.443Z"
"cmhq7r5f100ucarmkr8n4nowt","HA-20250115-0079","cmhq7r4lb001harmk9sox759c","cmhq7r4lq001rarmkuf6tgpcq","cmhq7r4kx0015armkllchf8n4","cmhq7r4je0001armk4kiviz7e","cmhq7r4k4000harmkzyanyvqs","cmhq7r4kd000narmk0fn7bu7g","cmhq7r4ko000xarmkand25969","SHIFT_2","2025-11-04T01:00:00.000Z","2025-11-04T01:08:00.000Z","2025-11-04T01:08:00.000Z","2025-11-04T01:17:00.000Z","2025-11-04T01:17:00.000Z","2025-11-04T01:53:00.000Z","2025-11-04T01:53:00.000Z","2025-11-04T01:59:00.000Z","2025-11-04T02:20:00.000Z",8,9,36,6,21,80,22.8124837915551,24,95.05201579814624,3.5,3.058464994338727,"COMPLETED","Berawan","GOOD",false,0,,,"LOW",0,,"2025-11-08T11:40:54.446Z","2025-11-08T11:40:54.446Z"
"cmhq7r5f500uearmkg96f09sw","HA-20250115-0080","cmhq7r4le001jarmk9zkkup1a","cmhq7r4ls001sarmkxnsrb2s3","cmhq7r4l00017armkmq6x6kl4","cmhq7r4je0001armk4kiviz7e","cmhq7r4k7000jarmk2j2yiibg","cmhq7r4kf000parmkl2blyx8q","cmhq7r4kr000zarmkvs3f8j7p","SHIFT_2","2025-11-04T02:10:00.000Z","2025-11-04T02:19:00.000Z","2025-11-04T02:19:00.000Z","2025-11-04T02:28:00.000Z","2025-11-04T02:28:00.000Z","2025-11-04T02:57:00.000Z","2025-11-04T02:57:00.000Z","2025-11-04T03:03:00.000Z","2025-11-04T03:31:00.000Z",9,9,29,6,28,81,23.49172586952431,24,97.88219112301798,4.2,3.466593812552222,"COMPLETED","Berawan","FAIR",false,0,,,"LOW",0,,"2025-11-08T11:40:54.449Z","2025-11-08T11:40:54.449Z"
"cmhq7r5f800ugarmk6qn31zsk","HA-20250115-0081","cmhq7r4lg001larmkpqarbhxr","cmhq7r4lq001rarmkuf6tgpcq","cmhq7r4l20019armk5ltvb01g","cmhq7r4je0001armk4kiviz7e","cmhq7r4k9000larmkpn8cs6rl","cmhq7r4kh000rarmkveu72zdp","cmhq7r4ks0011armkc1bo1ta9","SHIFT_2","2025-11-04T03:20:00.000Z","2025-11-04T03:32:00.000Z","2025-11-04T03:32:00.000Z","2025-11-04T03:41:00.000Z","2025-11-04T03:41:00.000Z","2025-11-04T04:07:00.000Z","2025-11-04T04:07:00.000Z","2025-11-04T04:13:00.000Z","2025-11-04T04:39:00.000Z",12,9,26,6,26,79,27.41528173200276,30,91.38427244000921,12.5,12.63261929036908,"COMPLETED","Hujan Ringan","EXCELLENT",false,0,,,"LOW",0,,"2025-11-08T11:40:54.453Z","2025-11-08T11:40:54.453Z"
"cmhq7r5fb00uiarmkbqops2a1","HA-20250115-0082","cmhq7r4li001narmkf49nw2n1","cmhq7r4ls001sarmkxnsrb2s3","cmhq7r4l4001barmkx6vp0j31","cmhq7r4je0001armk4kiviz7e","cmhq7r4k4000harmkzyanyvqs","cmhq7r4kj000tarmk0w8z216o","cmhq7r4ku0013armkej3p1ti3","SHIFT_2","2025-11-04T04:30:00.000Z","2025-11-04T04:49:00.000Z","2025-11-04T04:49:00.000Z","2025-11-04T04:59:00.000Z","2025-11-04T04:59:00.000Z","2025-11-04T05:24:00.000Z","2025-11-04T05:24:00.000Z","2025-11-04T05:30:00.000Z","2025-11-04T05:57:00.000Z",19,10,25,6,27,87,26.18891923767667,30,87.29639745892223,2.8,2.417267160594453,"COMPLETED","Hujan Ringan","FAIR",false,0,,,"LOW",0,,"2025-11-08T11:40:54.455Z","2025-11-08T11:40:54.455Z"
"cmhq7r5fe00ukarmk7hl7iq63","HA-20250115-0083","cmhq7r4ll001parmkmqvpl1y8","cmhq7r4lq001rarmkuf6tgpcq","cmhq7r4l6001darmkuuuir633","cmhq7r4je0001armk4kiviz7e","cmhq7r4k7000jarmk2j2yiibg","cmhq7r4kl000varmksymaqnsu","cmhq7r4ko000xarmkand25969","SHIFT_2","2025-11-04T05:40:00.000Z","2025-11-04T05:52:00.000Z","2025-11-04T05:52:00.000Z","2025-11-04T06:04:00.000Z","2025-11-04T06:04:00.000Z","2025-11-04T06:29:00.000Z","2025-11-04T06:29:00.000Z","2025-11-04T06:35:00.000Z","2025-11-04T06:57:00.000Z",12,12,25,6,22,77,34.60068762396755,35,98.85910749705015,3.5,2.989685894716262,"COMPLETED","Hujan Ringan","GOOD",false,0,,,"LOW",0,,"2025-11-08T11:40:54.458Z","2025-11-08T11:40:54.458Z"
"cmhq7r5fh00umarmkjsn2f10k","HA-20250115-0084","cmhq7r4lb001harmk9sox759c","cmhq7r4ls001sarmkxnsrb2s3","cmhq7r4l8001farmksidjc1yq","cmhq7r4je0001armk4kiviz7e","cmhq7r4k9000larmkpn8cs6rl","cmhq7r4kd000narmk0fn7bu7g","cmhq7r4kr000zarmkvs3f8j7p","SHIFT_2","2025-11-04T06:50:00.000Z","2025-11-04T07:06:00.000Z","2025-11-04T07:06:00.000Z","2025-11-04T07:14:00.000Z","2025-11-04T07:14:00.000Z","2025-11-04T07:41:00.000Z","2025-11-04T07:41:00.000Z","2025-11-04T07:48:00.000Z","2025-11-04T08:12:00.000Z",16,8,27,7,24,82,21.93917470052759,24,91.41322791886496,4.2,3.37435395450199,"COMPLETED","Berawan","GOOD",false,0,,,"LOW",0,,"2025-11-08T11:40:54.461Z","2025-11-08T11:40:54.461Z"
"cmhq7r5fk00uoarmkd86jsi1y","HA-20250115-0085","cmhq7r4lb001harmk9sox759c","cmhq7r4lq001rarmkuf6tgpcq","cmhq7r4kx0015armkllchf8n4","cmhq7r4je0001armk4kiviz7e","cmhq7r4k4000harmkzyanyvqs","cmhq7r4kd000narmk0fn7bu7g","cmhq7r4ko000xarmkand25969","SHIFT_3","2025-11-04T09:00:00.000Z","2025-11-04T09:07:00.000Z","2025-11-04T09:07:00.000Z","2025-11-04T09:19:00.000Z","2025-11-04T09:19:00.000Z","2025-11-04T09:48:00.000Z","2025-11-04T09:48:00.000Z","2025-11-04T09:58:00.000Z","2025-11-04T10:20:00.000Z",7,12,29,10,22,80,23.14636148228733,24,96.44317284286389,3.5,2.860414619482881,"COMPLETED","Cerah","FAIR",false,0,,,"LOW",0,,"2025-11-08T11:40:54.464Z","2025-11-08T11:40:54.464Z"
"cmhq7r5fo00uqarmk8vb5npvz","HA-20250115-0086","cmhq7r4le001jarmk9zkkup1a","cmhq7r4ls001sarmkxnsrb2s3","cmhq7r4l00017armkmq6x6kl4","cmhq7r4je0001armk4kiviz7e","cmhq7r4k7000jarmk2j2yiibg","cmhq7r4kf000parmkl2blyx8q","cmhq7r4kr000zarmkvs3f8j7p","SHIFT_3","2025-11-04T10:10:00.000Z","2025-11-04T10:29:00.000Z","2025-11-04T10:29:00.000Z","2025-11-04T10:42:00.000Z","2025-11-04T10:42:00.000Z","2025-11-04T11:15:00.000Z","2025-11-04T11:15:00.000Z","2025-11-04T11:25:00.000Z","2025-11-04T11:52:00.000Z",19,13,33,10,27,102,23.07122309777688,24,96.13009624073699,4.2,3.868354301164274,"COMPLETED","Hujan Ringan","FAIR",true,38,"cmhq7r4mb0023armkjufy56rt","Delay karena Pengisian BBM","HIGH",43,,"2025-11-08T11:40:54.468Z","2025-11-08T11:40:54.468Z"
"cmhq7r5fr00usarmk9vl78bga","HA-20250115-0087","cmhq7r4lg001larmkpqarbhxr","cmhq7r4lq001rarmkuf6tgpcq","cmhq7r4l20019armk5ltvb01g","cmhq7r4je0001armk4kiviz7e","cmhq7r4k9000larmkpn8cs6rl","cmhq7r4kh000rarmkveu72zdp","cmhq7r4ks0011armkc1bo1ta9","SHIFT_3","2025-11-04T11:20:00.000Z","2025-11-04T11:39:00.000Z","2025-11-04T11:39:00.000Z","2025-11-04T11:52:00.000Z","2025-11-04T11:52:00.000Z","2025-11-04T12:22:00.000Z","2025-11-04T12:22:00.000Z","2025-11-04T12:28:00.000Z","2025-11-04T12:53:00.000Z",19,13,30,6,25,93,29.01451546243909,30,96.71505154146364,12.5,10.38878369813384,"COMPLETED","Hujan Ringan","GOOD",false,0,,,"LOW",0,,"2025-11-08T11:40:54.471Z","2025-11-08T11:40:54.471Z"
"cmhq7r5ft00uuarmkj9rpz4d9","HA-20250115-0088","cmhq7r4li001narmkf49nw2n1","cmhq7r4ls001sarmkxnsrb2s3","cmhq7r4l4001barmkx6vp0j31","cmhq7r4je0001armk4kiviz7e","cmhq7r4k4000harmkzyanyvqs","cmhq7r4kj000tarmk0w8z216o","cmhq7r4ku0013armkej3p1ti3","SHIFT_3","2025-11-04T12:30:00.000Z","2025-11-04T12:38:00.000Z","2025-11-04T12:38:00.000Z","2025-11-04T12:48:00.000Z","2025-11-04T12:48:00.000Z","2025-11-04T13:21:00.000Z","2025-11-04T13:21:00.000Z","2025-11-04T13:31:00.000Z","2025-11-04T13:53:00.000Z",8,10,33,10,22,83,29.94639243170368,30,99.82130810567892,2.8,2.552462158500358,"COMPLETED","Berawan","FAIR",false,0,,,"LOW",0,,"2025-11-08T11:40:54.474Z","2025-11-08T11:40:54.474Z"
"cmhq7r5fw00uwarmkpzb979ic","HA-20250115-0089","cmhq7r4ll001parmkmqvpl1y8","cmhq7r4lq001rarmkuf6tgpcq","cmhq7r4l6001darmkuuuir633","cmhq7r4je0001armk4kiviz7e","cmhq7r4k7000jarmk2j2yiibg","cmhq7r4kl000varmksymaqnsu","cmhq7r4ko000xarmkand25969","SHIFT_3","2025-11-04T13:40:00.000Z","2025-11-04T13:56:00.000Z","2025-11-04T13:56:00.000Z","2025-11-04T14:05:00.000Z","2025-11-04T14:05:00.000Z","2025-11-04T14:40:00.000Z","2025-11-04T14:40:00.000Z","2025-11-04T14:46:00.000Z","2025-11-04T15:14:00.000Z",16,9,35,6,28,94,33.41270672480388,35,95.46487635658252,3.5,3.519555525498783,"COMPLETED","Berawan","FAIR",false,0,,,"LOW",0,,"2025-11-08T11:40:54.477Z","2025-11-08T11:40:54.477Z"
"cmhq7r5fz00uyarmktd5l6unf","HA-20250115-0090","cmhq7r4lb001harmk9sox759c","cmhq7r4ls001sarmkxnsrb2s3","cmhq7r4l8001farmksidjc1yq","cmhq7r4je0001armk4kiviz7e","cmhq7r4k9000larmkpn8cs6rl","cmhq7r4kd000narmk0fn7bu7g","cmhq7r4kr000zarmkvs3f8j7p","SHIFT_3","2025-11-04T14:50:00.000Z","2025-11-04T14:57:00.000Z","2025-11-04T14:57:00.000Z","2025-11-04T15:11:00.000Z","2025-11-04T15:11:00.000Z","2025-11-04T15:46:00.000Z","2025-11-04T15:46:00.000Z","2025-11-04T15:54:00.000Z","2025-11-04T16:15:00.000Z",7,14,35,8,21,85,23.47706809037948,24,97.82111704324782,4.2,4.100304223951926,"COMPLETED","Berawan","EXCELLENT",false,0,,,"LOW",0,,"2025-11-08T11:40:54.479Z","2025-11-08T11:40:54.479Z"
"cmhq7r5g200v0armk8w6gjqnu","HA-20250115-0091","cmhq7r4lb001harmk9sox759c","cmhq7r4lq001rarmkuf6tgpcq","cmhq7r4kx0015armkllchf8n4","cmhq7r4je0001armk4kiviz7e","cmhq7r4k4000harmkzyanyvqs","cmhq7r4kd000narmk0fn7bu7g","cmhq7r4ko000xarmkand25969","SHIFT_1","2025-11-02T17:00:00.000Z","2025-11-02T17:09:00.000Z","2025-11-02T17:09:00.000Z","2025-11-02T17:19:00.000Z","2025-11-02T17:19:00.000Z","2025-11-02T17:47:00.000Z","2025-11-02T17:47:00.000Z","2025-11-02T17:57:00.000Z","2025-11-02T18:20:00.000Z",9,10,28,10,23,80,23.35625323377876,24,97.31772180741149,3.5,2.852160224311592,"COMPLETED","Berawan","FAIR",false,0,,,"LOW",0,,"2025-11-08T11:40:54.482Z","2025-11-08T11:40:54.482Z"
"cmhq7r5g500v2armkauj5k8d4","HA-20250115-0092","cmhq7r4le001jarmk9zkkup1a","cmhq7r4ls001sarmkxnsrb2s3","cmhq7r4l00017armkmq6x6kl4","cmhq7r4je0001armk4kiviz7e","cmhq7r4k7000jarmk2j2yiibg","cmhq7r4kf000parmkl2blyx8q","cmhq7r4kr000zarmkvs3f8j7p","SHIFT_1","2025-11-02T18:10:00.000Z","2025-11-02T18:21:00.000Z","2025-11-02T18:21:00.000Z","2025-11-02T18:32:00.000Z","2025-11-02T18:32:00.000Z","2025-11-02T18:59:00.000Z","2025-11-02T18:59:00.000Z","2025-11-02T19:09:00.000Z","2025-11-02T19:32:00.000Z",11,11,27,10,23,82,21.8903541200753,24,91.20980883364709,4.2,4.182139942023965,"COMPLETED","Cerah","EXCELLENT",false,0,,,"LOW",0,,"2025-11-08T11:40:54.486Z","2025-11-08T11:40:54.486Z"
"cmhq7r5g800v4armko7w0giq4","HA-20250115-0093","cmhq7r4lg001larmkpqarbhxr","cmhq7r4lq001rarmkuf6tgpcq","cmhq7r4l20019armk5ltvb01g","cmhq7r4je0001armk4kiviz7e","cmhq7r4k9000larmkpn8cs6rl","cmhq7r4kh000rarmkveu72zdp","cmhq7r4ks0011armkc1bo1ta9","SHIFT_1","2025-11-02T19:20:00.000Z","2025-11-02T19:27:00.000Z","2025-11-02T19:27:00.000Z","2025-11-02T19:37:00.000Z","2025-11-02T19:37:00.000Z","2025-11-02T20:08:00.000Z","2025-11-02T20:08:00.000Z","2025-11-02T20:16:00.000Z","2025-11-02T20:38:00.000Z",7,10,31,8,22,78,29.21406738105746,30,97.38022460352488,12.5,12.59130916968134,"COMPLETED","Cerah","EXCELLENT",false,0,,,"LOW",0,,"2025-11-08T11:40:54.488Z","2025-11-08T11:40:54.488Z"
"cmhq7r5gb00v6armkfqfce863","HA-20250115-0094","cmhq7r4li001narmkf49nw2n1","cmhq7r4ls001sarmkxnsrb2s3","cmhq7r4l4001barmkx6vp0j31","cmhq7r4je0001armk4kiviz7e","cmhq7r4k4000harmkzyanyvqs","cmhq7r4kj000tarmk0w8z216o","cmhq7r4ku0013armkej3p1ti3","SHIFT_1","2025-11-02T20:30:00.000Z","2025-11-02T20:49:00.000Z","2025-11-02T20:49:00.000Z","2025-11-02T20:57:00.000Z","2025-11-02T20:57:00.000Z","2025-11-02T21:27:00.000Z","2025-11-02T21:27:00.000Z","2025-11-02T21:33:00.000Z","2025-11-02T21:53:00.000Z",19,8,30,6,20,83,28.23986873570882,30,94.13289578569606,2.8,2.414045729706631,"COMPLETED","Berawan","EXCELLENT",false,0,,,"LOW",0,,"2025-11-08T11:40:54.492Z","2025-11-08T11:40:54.492Z"
"cmhq7r5ge00v8armk8n75qbco","HA-20250115-0095","cmhq7r4ll001parmkmqvpl1y8","cmhq7r4lq001rarmkuf6tgpcq","cmhq7r4l6001darmkuuuir633","cmhq7r4je0001armk4kiviz7e","cmhq7r4k7000jarmk2j2yiibg","cmhq7r4kl000varmksymaqnsu","cmhq7r4ko000xarmkand25969","SHIFT_1","2025-11-02T21:40:00.000Z","2025-11-02T21:50:00.000Z","2025-11-02T21:50:00.000Z","2025-11-02T22:04:00.000Z","2025-11-02T22:04:00.000Z","2025-11-02T22:30:00.000Z","2025-11-02T22:30:00.000Z","2025-11-02T22:39:00.000Z","2025-11-02T23:08:00.000Z",10,14,26,9,29,88,32.14512387326477,35,91.84321106647077,3.5,3.315564802773681,"COMPLETED","Cerah","GOOD",false,0,,,"LOW",0,,"2025-11-08T11:40:54.495Z","2025-11-08T11:40:54.495Z"
"cmhq7r5gh00vaarmkgf8ogq3s","HA-20250115-0096","cmhq7r4lb001harmk9sox759c","cmhq7r4ls001sarmkxnsrb2s3","cmhq7r4l8001farmksidjc1yq","cmhq7r4je0001armk4kiviz7e","cmhq7r4k9000larmkpn8cs6rl","cmhq7r4kd000narmk0fn7bu7g","cmhq7r4kr000zarmkvs3f8j7p","SHIFT_1","2025-11-02T22:50:00.000Z","2025-11-02T23:07:00.000Z","2025-11-02T23:07:00.000Z","2025-11-02T23:17:00.000Z","2025-11-02T23:17:00.000Z","2025-11-02T23:45:00.000Z","2025-11-02T23:45:00.000Z","2025-11-02T23:53:00.000Z","2025-11-03T00:19:00.000Z",17,10,28,8,26,89,23.43940936825807,24,97.66420570107528,4.2,3.517396442082779,"COMPLETED","Cerah","EXCELLENT",false,0,,,"LOW",0,,"2025-11-08T11:40:54.498Z","2025-11-08T11:40:54.498Z"
"cmhq7r5gl00vcarmka75mjg82","HA-20250115-0097","cmhq7r4lb001harmk9sox759c","cmhq7r4lq001rarmkuf6tgpcq","cmhq7r4kx0015armkllchf8n4","cmhq7r4je0001armk4kiviz7e","cmhq7r4k4000harmkzyanyvqs","cmhq7r4kd000narmk0fn7bu7g","cmhq7r4ko000xarmkand25969","SHIFT_2","2025-11-03T01:00:00.000Z","2025-11-03T01:07:00.000Z","2025-11-03T01:07:00.000Z","2025-11-03T01:18:00.000Z","2025-11-03T01:18:00.000Z","2025-11-03T01:53:00.000Z","2025-11-03T01:53:00.000Z","2025-11-03T01:59:00.000Z","2025-11-03T02:22:00.000Z",7,11,35,6,23,82,20.82707612236126,24,86.7794838431719,3.5,3.193723088752211,"COMPLETED","Cerah","EXCELLENT",false,0,,,"LOW",0,,"2025-11-08T11:40:54.501Z","2025-11-08T11:40:54.501Z"
"cmhq7r5gn00vearmkgm9ka0qi","HA-20250115-0098","cmhq7r4le001jarmk9zkkup1a","cmhq7r4ls001sarmkxnsrb2s3","cmhq7r4l00017armkmq6x6kl4","cmhq7r4je0001armk4kiviz7e","cmhq7r4k7000jarmk2j2yiibg","cmhq7r4kf000parmkl2blyx8q","cmhq7r4kr000zarmkvs3f8j7p","SHIFT_2","2025-11-03T02:10:00.000Z","2025-11-03T02:22:00.000Z","2025-11-03T02:22:00.000Z","2025-11-03T02:36:00.000Z","2025-11-03T02:36:00.000Z","2025-11-03T03:13:00.000Z","2025-11-03T03:13:00.000Z","2025-11-03T03:22:00.000Z","2025-11-03T03:48:00.000Z",12,14,37,9,26,98,22.61596282170269,24,94.23317842376123,4.2,3.765324291780702,"COMPLETED","Berawan","GOOD",false,0,,,"LOW",0,,"2025-11-08T11:40:54.504Z","2025-11-08T11:40:54.504Z"
"cmhq7r5gq00vgarmkrvd3l6yr","HA-20250115-0099","cmhq7r4lg001larmkpqarbhxr","cmhq7r4lq001rarmkuf6tgpcq","cmhq7r4l20019armk5ltvb01g","cmhq7r4je0001armk4kiviz7e","cmhq7r4k9000larmkpn8cs6rl","cmhq7r4kh000rarmkveu72zdp","cmhq7r4ks0011armkc1bo1ta9","SHIFT_2","2025-11-03T03:20:00.000Z","2025-11-03T03:37:00.000Z","2025-11-03T03:37:00.000Z","2025-11-03T03:51:00.000Z","2025-11-03T03:51:00.000Z","2025-11-03T04:27:00.000Z","2025-11-03T04:27:00.000Z","2025-11-03T04:33:00.000Z","2025-11-03T05:03:00.000Z",17,14,36,6,30,103,26.4569611133845,30,88.18987037794834,12.5,12.64126624802239,"COMPLETED","Hujan Ringan","FAIR",false,0,,,"LOW",0,,"2025-11-08T11:40:54.507Z","2025-11-08T11:40:54.507Z"
"cmhq7r5gt00viarmkmbt9rz0j","HA-20250115-0100","cmhq7r4li001narmkf49nw2n1","cmhq7r4ls001sarmkxnsrb2s3","cmhq7r4l4001barmkx6vp0j31","cmhq7r4je0001armk4kiviz7e","cmhq7r4k4000harmkzyanyvqs","cmhq7r4kj000tarmk0w8z216o","cmhq7r4ku0013armkej3p1ti3","SHIFT_2","2025-11-03T04:30:00.000Z","2025-11-03T04:37:00.000Z","2025-11-03T04:37:00.000Z","2025-11-03T04:49:00.000Z","2025-11-03T04:49:00.000Z","2025-11-03T05:17:00.000Z","2025-11-03T05:17:00.000Z","2025-11-03T05:26:00.000Z","2025-11-03T05:46:00.000Z",7,12,28,9,20,76,25.71924626266355,30,85.73082087554516,2.8,2.753965081819839,"COMPLETED","Cerah","EXCELLENT",false,0,,,"LOW",0,,"2025-11-08T11:40:54.509Z","2025-11-08T11:40:54.509Z"
"cmhq7r5gw00vkarmk3yr6rnex","HA-20250115-0101","cmhq7r4ll001parmkmqvpl1y8","cmhq7r4lq001rarmkuf6tgpcq","cmhq7r4l6001darmkuuuir633","cmhq7r4je0001armk4kiviz7e","cmhq7r4k7000jarmk2j2yiibg","cmhq7r4kl000varmksymaqnsu","cmhq7r4ko000xarmkand25969","SHIFT_2","2025-11-03T05:40:00.000Z","2025-11-03T05:58:00.000Z","2025-11-03T05:58:00.000Z","2025-11-03T06:09:00.000Z","2025-11-03T06:09:00.000Z","2025-11-03T06:38:00.000Z","2025-11-03T06:38:00.000Z","2025-11-03T06:45:00.000Z","2025-11-03T07:11:00.000Z",18,11,29,7,26,91,30.9001366463738,35,88.28610470392513,3.5,2.918751511754914,"COMPLETED","Berawan","FAIR",false,0,,,"LOW",0,,"2025-11-08T11:40:54.513Z","2025-11-08T11:40:54.513Z"
"cmhq7r5h000vmarmkhvc6of5f","HA-20250115-0102","cmhq7r4lb001harmk9sox759c","cmhq7r4ls001sarmkxnsrb2s3","cmhq7r4l8001farmksidjc1yq","cmhq7r4je0001armk4kiviz7e","cmhq7r4k9000larmkpn8cs6rl","cmhq7r4kd000narmk0fn7bu7g","cmhq7r4kr000zarmkvs3f8j7p","SHIFT_2","2025-11-03T06:50:00.000Z","2025-11-03T07:02:00.000Z","2025-11-03T07:02:00.000Z","2025-11-03T07:11:00.000Z","2025-11-03T07:11:00.000Z","2025-11-03T07:46:00.000Z","2025-11-03T07:46:00.000Z","2025-11-03T07:54:00.000Z","2025-11-03T08:24:00.000Z",12,9,35,8,30,94,20.44365995405343,24,85.18191647522264,4.2,4.301735534300885,"COMPLETED","Hujan Ringan","EXCELLENT",false,0,,,"LOW",0,,"2025-11-08T11:40:54.516Z","2025-11-08T11:40:54.516Z"
"cmhq7r5h300voarmk2oy2o4lo","HA-20250115-0103","cmhq7r4lb001harmk9sox759c","cmhq7r4lq001rarmkuf6tgpcq","cmhq7r4kx0015armkllchf8n4","cmhq7r4je0001armk4kiviz7e","cmhq7r4k4000harmkzyanyvqs","cmhq7r4kd000narmk0fn7bu7g","cmhq7r4ko000xarmkand25969","SHIFT_3","2025-11-03T09:00:00.000Z","2025-11-03T09:18:00.000Z","2025-11-03T09:18:00.000Z","2025-11-03T09:26:00.000Z","2025-11-03T09:26:00.000Z","2025-11-03T09:56:00.000Z","2025-11-03T09:56:00.000Z","2025-11-03T10:03:00.000Z","2025-11-03T10:28:00.000Z",18,8,30,7,25,88,23.30429802501484,24,97.10124177089517,3.5,3.443699647651111,"COMPLETED","Cerah","EXCELLENT",false,0,,,"LOW",0,,"2025-11-08T11:40:54.519Z","2025-11-08T11:40:54.519Z"
"cmhq7r5h600vqarmky7rgtxo2","HA-20250115-0104","cmhq7r4le001jarmk9zkkup1a","cmhq7r4ls001sarmkxnsrb2s3","cmhq7r4l00017armkmq6x6kl4","cmhq7r4je0001armk4kiviz7e","cmhq7r4k7000jarmk2j2yiibg","cmhq7r4kf000parmkl2blyx8q","cmhq7r4kr000zarmkvs3f8j7p","SHIFT_3","2025-11-03T10:10:00.000Z","2025-11-03T10:27:00.000Z","2025-11-03T10:27:00.000Z","2025-11-03T10:38:00.000Z","2025-11-03T10:38:00.000Z","2025-11-03T11:05:00.000Z","2025-11-03T11:05:00.000Z","2025-11-03T11:13:00.000Z","2025-11-03T11:36:00.000Z",17,11,27,8,23,86,22.07620738862924,24,91.98419745262184,4.2,3.40955895681149,"COMPLETED","Cerah","EXCELLENT",false,0,,,"LOW",0,,"2025-11-08T11:40:54.522Z","2025-11-08T11:40:54.522Z"
"cmhq7r5h900vsarmk6d5pfxlk","HA-20250115-0105","cmhq7r4lg001larmkpqarbhxr","cmhq7r4lq001rarmkuf6tgpcq","cmhq7r4l20019armk5ltvb01g","cmhq7r4je0001armk4kiviz7e","cmhq7r4k9000larmkpn8cs6rl","cmhq7r4kh000rarmkveu72zdp","cmhq7r4ks0011armkc1bo1ta9","SHIFT_3","2025-11-03T11:20:00.000Z","2025-11-03T11:33:00.000Z","2025-11-03T11:33:00.000Z","2025-11-03T11:47:00.000Z","2025-11-03T11:47:00.000Z","2025-11-03T12:17:00.000Z","2025-11-03T12:17:00.000Z","2025-11-03T12:24:00.000Z","2025-11-03T12:44:00.000Z",13,14,30,7,20,84,28.53713923617221,30,95.12379745390737,12.5,11.68556206241499,"COMPLETED","Berawan","EXCELLENT",false,0,,,"LOW",0,,"2025-11-08T11:40:54.525Z","2025-11-08T11:40:54.525Z"
"cmhq7r5hb00vuarmkwoit4p6f","HA-20250115-0106","cmhq7r4li001narmkf49nw2n1","cmhq7r4ls001sarmkxnsrb2s3","cmhq7r4l4001barmkx6vp0j31","cmhq7r4je0001armk4kiviz7e","cmhq7r4k4000harmkzyanyvqs","cmhq7r4kj000tarmk0w8z216o","cmhq7r4ku0013armkej3p1ti3","SHIFT_3","2025-11-03T12:30:00.000Z","2025-11-03T12:48:00.000Z","2025-11-03T12:48:00.000Z","2025-11-03T12:59:00.000Z","2025-11-03T12:59:00.000Z","2025-11-03T13:28:00.000Z","2025-11-03T13:28:00.000Z","2025-11-03T13:34:00.000Z","2025-11-03T14:02:00.000Z",18,11,29,6,28,92,27.21035930585284,30,90.70119768617613,2.8,2.278768289819776,"COMPLETED","Cerah","GOOD",false,0,,,"LOW",0,,"2025-11-08T11:40:54.528Z","2025-11-08T11:40:54.528Z"
"cmhq7r5he00vwarmkqxsryoqq","HA-20250115-0107","cmhq7r4ll001parmkmqvpl1y8","cmhq7r4lq001rarmkuf6tgpcq","cmhq7r4l6001darmkuuuir633","cmhq7r4je0001armk4kiviz7e","cmhq7r4k7000jarmk2j2yiibg","cmhq7r4kl000varmksymaqnsu","cmhq7r4ko000xarmkand25969","SHIFT_3","2025-11-03T13:40:00.000Z","2025-11-03T13:51:00.000Z","2025-11-03T13:51:00.000Z","2025-11-03T14:01:00.000Z","2025-11-03T14:01:00.000Z","2025-11-03T14:36:00.000Z","2025-11-03T14:36:00.000Z","2025-11-03T14:44:00.000Z","2025-11-03T15:11:00.000Z",11,10,35,8,27,91,34.60152637988611,35,98.86150394253175,3.5,2.806855944486538,"COMPLETED","Cerah","GOOD",false,0,,,"LOW",0,,"2025-11-08T11:40:54.531Z","2025-11-08T11:40:54.531Z"
"cmhq7r5hh00vyarmkkg0kz64v","HA-20250115-0108","cmhq7r4lb001harmk9sox759c","cmhq7r4ls001sarmkxnsrb2s3","cmhq7r4l8001farmksidjc1yq","cmhq7r4je0001armk4kiviz7e","cmhq7r4k9000larmkpn8cs6rl","cmhq7r4kd000narmk0fn7bu7g","cmhq7r4kr000zarmkvs3f8j7p","SHIFT_3","2025-11-03T14:50:00.000Z","2025-11-03T14:57:00.000Z","2025-11-03T14:57:00.000Z","2025-11-03T15:08:00.000Z","2025-11-03T15:08:00.000Z","2025-11-03T15:33:00.000Z","2025-11-03T15:33:00.000Z","2025-11-03T15:41:00.000Z","2025-11-03T16:11:00.000Z",7,11,25,8,30,81,21.78178996870163,24,90.75745820292346,4.2,4.052507694763492,"COMPLETED","Hujan Ringan","EXCELLENT",false,0,,,"LOW",0,,"2025-11-08T11:40:54.534Z","2025-11-08T11:40:54.534Z"
"cmhq7r5hl00w0armkpg0ueh6e","HA-20250115-0109","cmhq7r4lb001harmk9sox759c","cmhq7r4lq001rarmkuf6tgpcq","cmhq7r4kx0015armkllchf8n4","cmhq7r4je0001armk4kiviz7e","cmhq7r4k4000harmkzyanyvqs","cmhq7r4kd000narmk0fn7bu7g","cmhq7r4ko000xarmkand25969","SHIFT_1","2025-11-01T17:00:00.000Z","2025-11-01T17:14:00.000Z","2025-11-01T17:14:00.000Z","2025-11-01T17:23:00.000Z","2025-11-01T17:23:00.000Z","2025-11-01T17:56:00.000Z","2025-11-01T17:56:00.000Z","2025-11-01T18:02:00.000Z","2025-11-01T18:25:00.000Z",14,9,33,6,23,85,21.04154120440582,24,87.67308835169094,3.5,2.901629848139105,"COMPLETED","Hujan Ringan","FAIR",false,0,,,"LOW",0,,"2025-11-08T11:40:54.537Z","2025-11-08T11:40:54.537Z"
"cmhq7r5hn00w2armkz9cdro04","HA-20250115-0110","cmhq7r4le001jarmk9zkkup1a","cmhq7r4ls001sarmkxnsrb2s3","cmhq7r4l00017armkmq6x6kl4","cmhq7r4je0001armk4kiviz7e","cmhq7r4k7000jarmk2j2yiibg","cmhq7r4kf000parmkl2blyx8q","cmhq7r4kr000zarmkvs3f8j7p","SHIFT_1","2025-11-01T18:10:00.000Z","2025-11-01T18:17:00.000Z","2025-11-01T18:17:00.000Z","2025-11-01T18:30:00.000Z","2025-11-01T18:30:00.000Z","2025-11-01T18:59:00.000Z","2025-11-01T18:59:00.000Z","2025-11-01T19:05:00.000Z","2025-11-01T19:29:00.000Z",7,13,29,6,24,79,20.97764155278587,24,87.40683980327447,4.2,4.165699441041344,"COMPLETED","Cerah","FAIR",false,0,,,"LOW",0,,"2025-11-08T11:40:54.540Z","2025-11-08T11:40:54.540Z"
"cmhq7r5hq00w4armk9i3yhxxt","HA-20250115-0111","cmhq7r4lg001larmkpqarbhxr","cmhq7r4lq001rarmkuf6tgpcq","cmhq7r4l20019armk5ltvb01g","cmhq7r4je0001armk4kiviz7e","cmhq7r4k9000larmkpn8cs6rl","cmhq7r4kh000rarmkveu72zdp","cmhq7r4ks0011armkc1bo1ta9","SHIFT_1","2025-11-01T19:20:00.000Z","2025-11-01T19:25:00.000Z","2025-11-01T19:25:00.000Z","2025-11-01T19:36:00.000Z","2025-11-01T19:36:00.000Z","2025-11-01T20:01:00.000Z","2025-11-01T20:01:00.000Z","2025-11-01T20:08:00.000Z","2025-11-01T20:31:00.000Z",5,11,25,7,23,71,26.05488095381131,30,86.84960317937104,12.5,10.31752403003338,"COMPLETED","Hujan Ringan","GOOD",true,15,"cmhq7r4mb0023armkjufy56rt","Delay karena Pengisian BBM","HIGH",20,,"2025-11-08T11:40:54.542Z","2025-11-08T11:40:54.542Z"
"cmhq7r5ht00w6armkp7u3g5bp","HA-20250115-0112","cmhq7r4li001narmkf49nw2n1","cmhq7r4ls001sarmkxnsrb2s3","cmhq7r4l4001barmkx6vp0j31","cmhq7r4je0001armk4kiviz7e","cmhq7r4k4000harmkzyanyvqs","cmhq7r4kj000tarmk0w8z216o","cmhq7r4ku0013armkej3p1ti3","SHIFT_1","2025-11-01T20:30:00.000Z","2025-11-01T20:38:00.000Z","2025-11-01T20:38:00.000Z","2025-11-01T20:51:00.000Z","2025-11-01T20:51:00.000Z","2025-11-01T21:28:00.000Z","2025-11-01T21:28:00.000Z","2025-11-01T21:34:00.000Z","2025-11-01T22:03:00.000Z",8,13,37,6,29,93,28.23257042724811,30,94.10856809082702,2.8,2.663577716145114,"COMPLETED","Hujan Ringan","GOOD",false,0,,,"LOW",0,,"2025-11-08T11:40:54.545Z","2025-11-08T11:40:54.545Z"
"cmhq7r5hw00w8armk7tcgpoui","HA-20250115-0113","cmhq7r4ll001parmkmqvpl1y8","cmhq7r4lq001rarmkuf6tgpcq","cmhq7r4l6001darmkuuuir633","cmhq7r4je0001armk4kiviz7e","cmhq7r4k7000jarmk2j2yiibg","cmhq7r4kl000varmksymaqnsu","cmhq7r4ko000xarmkand25969","SHIFT_1","2025-11-01T21:40:00.000Z","2025-11-01T21:58:00.000Z","2025-11-01T21:58:00.000Z","2025-11-01T22:06:00.000Z","2025-11-01T22:06:00.000Z","2025-11-01T22:44:00.000Z","2025-11-01T22:44:00.000Z","2025-11-01T22:50:00.000Z","2025-11-01T23:19:00.000Z",18,8,38,6,29,99,34.82301195054977,35,99.49431985871364,3.5,3.488705033722924,"COMPLETED","Cerah","FAIR",false,0,,,"LOW",0,,"2025-11-08T11:40:54.548Z","2025-11-08T11:40:54.548Z"
"cmhq7r5hz00waarmkgvqmpvwj","HA-20250115-0114","cmhq7r4lb001harmk9sox759c","cmhq7r4ls001sarmkxnsrb2s3","cmhq7r4l8001farmksidjc1yq","cmhq7r4je0001armk4kiviz7e","cmhq7r4k9000larmkpn8cs6rl","cmhq7r4kd000narmk0fn7bu7g","cmhq7r4kr000zarmkvs3f8j7p","SHIFT_1","2025-11-01T22:50:00.000Z","2025-11-01T23:05:00.000Z","2025-11-01T23:05:00.000Z","2025-11-01T23:16:00.000Z","2025-11-01T23:16:00.000Z","2025-11-01T23:44:00.000Z","2025-11-01T23:44:00.000Z","2025-11-01T23:54:00.000Z","2025-11-02T00:23:00.000Z",15,11,28,10,29,93,23.72750556281641,24,98.86460651173506,4.2,3.913318744271041,"COMPLETED","Berawan","FAIR",false,0,,,"LOW",0,,"2025-11-08T11:40:54.552Z","2025-11-08T11:40:54.552Z"
"cmhq7r5i200wcarmk0d1acmrg","HA-20250115-0115","cmhq7r4lb001harmk9sox759c","cmhq7r4lq001rarmkuf6tgpcq","cmhq7r4kx0015armkllchf8n4","cmhq7r4je0001armk4kiviz7e","cmhq7r4k4000harmkzyanyvqs","cmhq7r4kd000narmk0fn7bu7g","cmhq7r4ko000xarmkand25969","SHIFT_2","2025-11-02T01:00:00.000Z","2025-11-02T01:14:00.000Z","2025-11-02T01:14:00.000Z","2025-11-02T01:23:00.000Z","2025-11-02T01:23:00.000Z","2025-11-02T01:49:00.000Z","2025-11-02T01:49:00.000Z","2025-11-02T01:56:00.000Z","2025-11-02T02:20:00.000Z",14,9,26,7,24,80,22.47412464202087,24,93.64218600842028,3.5,3.421212639087096,"COMPLETED","Hujan Ringan","FAIR",false,0,,,"LOW",0,,"2025-11-08T11:40:54.554Z","2025-11-08T11:40:54.554Z"
"cmhq7r5i500wearmkikf14u2q","HA-20250115-0116","cmhq7r4le001jarmk9zkkup1a","cmhq7r4ls001sarmkxnsrb2s3","cmhq7r4l00017armkmq6x6kl4","cmhq7r4je0001armk4kiviz7e","cmhq7r4k7000jarmk2j2yiibg","cmhq7r4kf000parmkl2blyx8q","cmhq7r4kr000zarmkvs3f8j7p","SHIFT_2","2025-11-02T02:10:00.000Z","2025-11-02T02:24:00.000Z","2025-11-02T02:24:00.000Z","2025-11-02T02:36:00.000Z","2025-11-02T02:36:00.000Z","2025-11-02T03:11:00.000Z","2025-11-02T03:11:00.000Z","2025-11-02T03:20:00.000Z","2025-11-02T03:47:00.000Z",14,12,35,9,27,97,21.30717555620717,24,88.77989815086322,4.2,3.46151944358912,"COMPLETED","Berawan","GOOD",false,0,,,"LOW",0,,"2025-11-08T11:40:54.557Z","2025-11-08T11:40:54.557Z"
"cmhq7r5i800wgarmkaa5axu5g","HA-20250115-0117","cmhq7r4lg001larmkpqarbhxr","cmhq7r4lq001rarmkuf6tgpcq","cmhq7r4l20019armk5ltvb01g","cmhq7r4je0001armk4kiviz7e","cmhq7r4k9000larmkpn8cs6rl","cmhq7r4kh000rarmkveu72zdp","cmhq7r4ks0011armkc1bo1ta9","SHIFT_2","2025-11-02T03:20:00.000Z","2025-11-02T03:31:00.000Z","2025-11-02T03:31:00.000Z","2025-11-02T03:44:00.000Z","2025-11-02T03:44:00.000Z","2025-11-02T04:19:00.000Z","2025-11-02T04:19:00.000Z","2025-11-02T04:25:00.000Z","2025-11-02T04:53:00.000Z",11,13,35,6,28,93,29.82031581566158,30,99.40105271887192,12.5,10.6977812429127,"COMPLETED","Berawan","GOOD",false,0,,,"LOW",0,,"2025-11-08T11:40:54.560Z","2025-11-08T11:40:54.560Z"
"cmhq7r5ia00wiarmkazrmkpmi","HA-20250115-0118","cmhq7r4li001narmkf49nw2n1","cmhq7r4ls001sarmkxnsrb2s3","cmhq7r4l4001barmkx6vp0j31","cmhq7r4je0001armk4kiviz7e","cmhq7r4k4000harmkzyanyvqs","cmhq7r4kj000tarmk0w8z216o","cmhq7r4ku0013armkej3p1ti3","SHIFT_2","2025-11-02T04:30:00.000Z","2025-11-02T04:46:00.000Z","2025-11-02T04:46:00.000Z","2025-11-02T04:58:00.000Z","2025-11-02T04:58:00.000Z","2025-11-02T05:37:00.000Z","2025-11-02T05:37:00.000Z","2025-11-02T05:45:00.000Z","2025-11-02T06:12:00.000Z",16,12,39,8,27,102,28.99678022218787,30,96.65593407395957,2.8,2.703307472716914,"COMPLETED","Berawan","EXCELLENT",false,0,,,"LOW",0,,"2025-11-08T11:40:54.563Z","2025-11-08T11:40:54.563Z"
"cmhq7r5id00wkarmkd4zj7vxa","HA-20250115-0119","cmhq7r4ll001parmkmqvpl1y8","cmhq7r4lq001rarmkuf6tgpcq","cmhq7r4l6001darmkuuuir633","cmhq7r4je0001armk4kiviz7e","cmhq7r4k7000jarmk2j2yiibg","cmhq7r4kl000varmksymaqnsu","cmhq7r4ko000xarmkand25969","SHIFT_2","2025-11-02T05:40:00.000Z","2025-11-02T05:45:00.000Z","2025-11-02T05:45:00.000Z","2025-11-02T05:54:00.000Z","2025-11-02T05:54:00.000Z","2025-11-02T06:27:00.000Z","2025-11-02T06:27:00.000Z","2025-11-02T06:33:00.000Z","2025-11-02T07:01:00.000Z",5,9,33,6,28,81,31.40481797607857,35,89.72805136022448,3.5,3.08067712807703,"COMPLETED","Hujan Ringan","EXCELLENT",false,0,,,"LOW",0,,"2025-11-08T11:40:54.565Z","2025-11-08T11:40:54.565Z"
"cmhq7r5ih00wmarmkvpakyn60","HA-20250115-0120","cmhq7r4lb001harmk9sox759c","cmhq7r4ls001sarmkxnsrb2s3","cmhq7r4l8001farmksidjc1yq","cmhq7r4je0001armk4kiviz7e","cmhq7r4k9000larmkpn8cs6rl","cmhq7r4kd000narmk0fn7bu7g","cmhq7r4kr000zarmkvs3f8j7p","SHIFT_2","2025-11-02T06:50:00.000Z","2025-11-02T06:57:00.000Z","2025-11-02T06:57:00.000Z","2025-11-02T07:11:00.000Z","2025-11-02T07:11:00.000Z","2025-11-02T07:47:00.000Z","2025-11-02T07:47:00.000Z","2025-11-02T07:53:00.000Z","2025-11-02T08:21:00.000Z",7,14,36,6,28,91,20.91265062449427,24,87.13604426872612,4.2,3.849372031830083,"COMPLETED","Berawan","GOOD",false,0,,,"LOW",0,,"2025-11-08T11:40:54.569Z","2025-11-08T11:40:54.569Z"
"cmhq7r5ij00woarmkp7a9d5h6","HA-20250115-0121","cmhq7r4lb001harmk9sox759c","cmhq7r4lq001rarmkuf6tgpcq","cmhq7r4kx0015armkllchf8n4","cmhq7r4je0001armk4kiviz7e","cmhq7r4k4000harmkzyanyvqs","cmhq7r4kd000narmk0fn7bu7g","cmhq7r4ko000xarmkand25969","SHIFT_3","2025-11-02T09:00:00.000Z","2025-11-02T09:06:00.000Z","2025-11-02T09:06:00.000Z","2025-11-02T09:18:00.000Z","2025-11-02T09:18:00.000Z","2025-11-02T09:45:00.000Z","2025-11-02T09:45:00.000Z","2025-11-02T09:51:00.000Z","2025-11-02T10:17:00.000Z",6,12,27,6,26,77,22.14766314138023,24,92.28192975575097,3.5,3.3091804701998,"COMPLETED","Hujan Ringan","GOOD",false,0,,,"LOW",0,,"2025-11-08T11:40:54.572Z","2025-11-08T11:40:54.572Z"
"cmhq7r5im00wqarmkjoa22j7q","HA-20250115-0122","cmhq7r4le001jarmk9zkkup1a","cmhq7r4ls001sarmkxnsrb2s3","cmhq7r4l00017armkmq6x6kl4","cmhq7r4je0001armk4kiviz7e","cmhq7r4k7000jarmk2j2yiibg","cmhq7r4kf000parmkl2blyx8q","cmhq7r4kr000zarmkvs3f8j7p","SHIFT_3","2025-11-02T10:10:00.000Z","2025-11-02T10:25:00.000Z","2025-11-02T10:25:00.000Z","2025-11-02T10:33:00.000Z","2025-11-02T10:33:00.000Z","2025-11-02T11:03:00.000Z","2025-11-02T11:03:00.000Z","2025-11-02T11:09:00.000Z","2025-11-02T11:30:00.000Z",15,8,30,6,21,80,23.55859121992507,24,98.1607967496878,4.2,4.279741373268783,"COMPLETED","Cerah","EXCELLENT",false,0,,,"LOW",0,,"2025-11-08T11:40:54.574Z","2025-11-08T11:40:54.574Z"
"cmhq7r5ip00wsarmk5aov16k8","HA-20250115-0123","cmhq7r4lg001larmkpqarbhxr","cmhq7r4lq001rarmkuf6tgpcq","cmhq7r4l20019armk5ltvb01g","cmhq7r4je0001armk4kiviz7e","cmhq7r4k9000larmkpn8cs6rl","cmhq7r4kh000rarmkveu72zdp","cmhq7r4ks0011armkc1bo1ta9","SHIFT_3","2025-11-02T11:20:00.000Z","2025-11-02T11:26:00.000Z","2025-11-02T11:26:00.000Z","2025-11-02T11:34:00.000Z","2025-11-02T11:34:00.000Z","2025-11-02T12:00:00.000Z","2025-11-02T12:00:00.000Z","2025-11-02T12:10:00.000Z","2025-11-02T12:35:00.000Z",6,8,26,10,25,75,28.07300397007289,30,93.57667990024295,12.5,12.91590984902026,"COMPLETED","Hujan Ringan","FAIR",false,0,,,"LOW",0,,"2025-11-08T11:40:54.577Z","2025-11-08T11:40:54.577Z"
"cmhq7r5ir00wuarmkwrn6a5vz","HA-20250115-0124","cmhq7r4li001narmkf49nw2n1","cmhq7r4ls001sarmkxnsrb2s3","cmhq7r4l4001barmkx6vp0j31","cmhq7r4je0001armk4kiviz7e","cmhq7r4k4000harmkzyanyvqs","cmhq7r4kj000tarmk0w8z216o","cmhq7r4ku0013armkej3p1ti3","SHIFT_3","2025-11-02T12:30:00.000Z","2025-11-02T12:36:00.000Z","2025-11-02T12:36:00.000Z","2025-11-02T12:47:00.000Z","2025-11-02T12:47:00.000Z","2025-11-02T13:24:00.000Z","2025-11-02T13:24:00.000Z","2025-11-02T13:32:00.000Z","2025-11-02T13:54:00.000Z",6,11,37,8,22,84,27.74902701715493,30,92.49675672384978,2.8,2.39993596226621,"COMPLETED","Hujan Ringan","FAIR",false,0,,,"LOW",0,,"2025-11-08T11:40:54.579Z","2025-11-08T11:40:54.579Z"
"cmhq7r5iv00wwarmkgv8eh27o","HA-20250115-0125","cmhq7r4ll001parmkmqvpl1y8","cmhq7r4lq001rarmkuf6tgpcq","cmhq7r4l6001darmkuuuir633","cmhq7r4je0001armk4kiviz7e","cmhq7r4k7000jarmk2j2yiibg","cmhq7r4kl000varmksymaqnsu","cmhq7r4ko000xarmkand25969","SHIFT_3","2025-11-02T13:40:00.000Z","2025-11-02T13:52:00.000Z","2025-11-02T13:52:00.000Z","2025-11-02T14:06:00.000Z","2025-11-02T14:06:00.000Z","2025-11-02T14:34:00.000Z","2025-11-02T14:34:00.000Z","2025-11-02T14:42:00.000Z","2025-11-02T15:04:00.000Z",12,14,28,8,22,84,33.61408791858632,35,96.0402511959609,3.5,3.417553771724998,"COMPLETED","Berawan","GOOD",false,0,,,"LOW",0,,"2025-11-08T11:40:54.583Z","2025-11-08T11:40:54.583Z"
"cmhq7r5iy00wyarmk5mowjbmg","HA-20250115-0126","cmhq7r4lb001harmk9sox759c","cmhq7r4ls001sarmkxnsrb2s3","cmhq7r4l8001farmksidjc1yq","cmhq7r4je0001armk4kiviz7e","cmhq7r4k9000larmkpn8cs6rl","cmhq7r4kd000narmk0fn7bu7g","cmhq7r4kr000zarmkvs3f8j7p","SHIFT_3","2025-11-02T14:50:00.000Z","2025-11-02T14:56:00.000Z","2025-11-02T14:56:00.000Z","2025-11-02T15:07:00.000Z","2025-11-02T15:07:00.000Z","2025-11-02T15:36:00.000Z","2025-11-02T15:36:00.000Z","2025-11-02T15:43:00.000Z","2025-11-02T16:14:00.000Z",6,11,29,7,31,84,22.14659690262896,24,92.27748709428735,4.2,3.79473685056896,"COMPLETED","Hujan Ringan","GOOD",false,0,,,"LOW",0,,"2025-11-08T11:40:54.586Z","2025-11-08T11:40:54.586Z"