"id","timestamp","miningSiteId","condition","temperature","humidity","windSpeed","windDirection","rainfall","visibility","waveHeight","seaCondition","isOperational","riskLevel","remarks"
"cmhq7r4mf0026armkyw357m73","2025-11-07T17:00:00.000Z","cmhq7r4jv000barmkfddw1hqv","BERAWAN",28.17723696845353,85.43805052656387,4.169629931679955,"N",0,"GOOD",,,true,"LOW",
"cmhq7r4mi0028armk0um9xawx","2025-11-07T17:00:00.000Z","cmhq7r4jx000carmkd4p0bnmp","BERAWAN",31.49114623861332,89.570292279233,8.994836469378964,"W",0,"GOOD",,,true,"LOW",
"cmhq7r4mk002aarmkwkyeli0c","2025-11-07T17:00:00.000Z","cmhq7r4jz000darmkcezc3itx","BERAWAN",28.52036583988702,89.75649217637819,12.5910950000288,"NE",0,"GOOD",,,true,"LOW",
"cmhq7r4mm002carmkpav48a3n","2025-11-07T17:00:00.000Z","cmhq7r4k0000earmk06jk76ng","BERAWAN",26.98445571422034,69.86865981911713,13.10260362386863,"SE",0,"GOOD",,,true,"LOW",
"cmhq7r4mo002earmk6cwzznhj","2025-11-07T17:00:00.000Z","cmhq7r4k1000farmk5w18co57","BERAWAN",30.47870543857184,69.33474164973491,6.823382036163061,"S",0,"GOOD",,,true,"LOW",
"cmhq7r4mp002garmkenkd0vvz","2025-11-07T23:00:00.000Z","cmhq7r4jv000barmkfddw1hqv","MENDUNG",26.69700664898479,70.86130711467833,6.643087036912386,"NW",0,"GOOD",,,true,"MEDIUM",
"cmhq7r4mr002iarmkisjoibqd","2025-11-07T23:00:00.000Z","cmhq7r4jx000carmkd4p0bnmp","MENDUNG",30.11594630003049,74.14741180151366,6.840625247996605,"SW",0,"GOOD",,,true,"MEDIUM",
"cmhq7r4ms002karmkbzlftcg1","2025-11-07T23:00:00.000Z","cmhq7r4jz000darmkcezc3itx","MENDUNG",28.03751808244444,86.75535317820787,6.810983918931686,"NW",0,"GOOD",,,true,"MEDIUM",
"cmhq7r4mu002marmktve6rtnf","2025-11-07T23:00:00.000Z","cmhq7r4k0000earmk06jk76ng","MENDUNG",28.7866913132595,77.07812127933244,7.43091820817889,"E",0,"GOOD",,,true,"MEDIUM",
"cmhq7r4mw002oarmk5misvuv9","2025-11-07T23:00:00.000Z","cmhq7r4k1000farmk5w18co57","MENDUNG",27.42843596472306,66.91580791775652,13.34605830082365,"NW",0,"GOOD",,,true,"MEDIUM",
"cmhq7r4my002qarmkcrc6ds9u","2025-11-08T05:00:00.000Z","cmhq7r4jv000barmkfddw1hqv","HUJAN_SEDANG",27.58982273773786,70.02985876157196,7.357170831346875,"S",48.39076154303914,"POOR",,,false,"HIGH","Operasi dihentikan sementara"
"cmhq7r4n0002sarmk3epg72rp","2025-11-08T05:00:00.000Z","cmhq7r4jx000carmkd4p0bnmp","HUJAN_SEDANG",30.2308713438679,77.21899165846001,4.214226457204463,"S",23.68797448597508,"POOR",,,false,"HIGH","Operasi dihentikan sementara"
"cmhq7r4n2002uarmksd3ldoiv","2025-11-08T05:00:00.000Z","cmhq7r4jz000darmkcezc3itx","HUJAN_SEDANG",28.75946494057125,70.87451797670714,6.076352165456028,"N",18.06353336491038,"POOR",,,false,"HIGH","Operasi dihentikan sementara"
"cmhq7r4n3002warmkhu6bo9f6","2025-11-08T05:00:00.000Z","cmhq7r4k0000earmk06jk76ng","HUJAN_SEDANG",31.03364267300404,81.40066573622667,5.495823763555053,"S",9.854485355739074,"POOR",,,false,"HIGH","Operasi dihentikan sementara"
"cmhq7r4n5002yarmky2us2y0h","2025-11-08T05:00:00.000Z","cmhq7r4k1000farmk5w18co57","HUJAN_SEDANG",30.04470123705093,82.29744228375,5.557422897129938,"NW",18.62479842355892,"POOR",,,false,"HIGH","Operasi dihentikan sementara"
"cmhq7r4n70030armkfs1frfqe","2025-11-08T11:00:00.000Z","cmhq7r4jv000barmkfddw1hqv","MENDUNG",28.533399595426,88.67412119370002,13.67614673298907,"N",0,"GOOD",,,true,"MEDIUM",
"cmhq7r4n80032armkb3tfybwc","2025-11-08T11:00:00.000Z","cmhq7r4jx000carmkd4p0bnmp","MENDUNG",31.45140534503734,89.1115242474737,8.26551880397414,"NE",0,"GOOD",,,true,"MEDIUM",
"cmhq7r4na0034armk369vn4k0","2025-11-08T11:00:00.000Z","cmhq7r4jz000darmkcezc3itx","MENDUNG",26.70573157920385,69.9507588373527,9.895464061034343,"W",0,"GOOD",,,true,"MEDIUM",
"cmhq7r4nc0036armk3vybv70b","2025-11-08T11:00:00.000Z","cmhq7r4k0000earmk06jk76ng","MENDUNG",30.77110090596589,86.70031597982052,9.077307097636945,"W",0,"GOOD",,,true,"MEDIUM",
"cmhq7r4ne0038armkcc6zoz1f","2025-11-08T11:00:00.000Z","cmhq7r4k1000farmk5w18co57","MENDUNG",26.4846224729549,65.46995829557397,11.78157759016344,"E",0,"GOOD",,,true,"MEDIUM",
"cmhq7r4nf003aarmkno8d4t1u","2025-11-06T17:00:00.000Z","cmhq7r4jv000barmkfddw1hqv","HUJAN_SEDANG",29.26293747582369,86.04275425104233,14.88881583098479,"E",47.22375416651338,"POOR",,,false,"HIGH","Operasi dihentikan sementara"
"cmhq7r4nh003carmkwj8fvtlq","2025-11-06T17:00:00.000Z","cmhq7r4jx000carmkd4p0bnmp","HUJAN_SEDANG",27.62761878101423,84.98074792641894,9.623163725963117,"NW",34.02392520237824,"POOR",,,false,"HIGH","Operasi dihentikan sementara"
"cmhq7r4nj003earmk4159q5jk","2025-11-06T17:00:00.000Z","cmhq7r4jz000darmkcezc3itx","HUJAN_SEDANG",29.22807058347355,87.79169789712866,12.31042621067897,"SW",15.14184151907464,"POOR",,,false,"HIGH","Operasi dihentikan sementara"
"cmhq7r4nl003garmkbotjls85","2025-11-06T17:00:00.000Z","cmhq7r4k0000earmk06jk76ng","HUJAN_SEDANG",30.37244644795161,66.76249017462816,10.17882184117764,"N",13.66958981418517,"POOR",,,false,"HIGH","Operasi dihentikan sementara"
"cmhq7r4nn003iarmk0cmfgo8a","2025-11-06T17:00:00.000Z","cmhq7r4k1000farmk5w18co57","HUJAN_SEDANG",28.14407308126098,71.41143074680684,12.52619193061562,"NW",16.41892794803766,"POOR",,,false,"HIGH","Operasi dihentikan sementara"
"cmhq7r4no003karmkzae7yvr4","2025-11-06T23:00:00.000Z","cmhq7r4jv000barmkfddw1hqv","BERAWAN",29.56300349348556,76.2308170253976,5.333268434343348,"NW",0,"GOOD",,,true,"LOW",
"cmhq7r4nq003marmk0t7zm41k","2025-11-06T23:00:00.000Z","cmhq7r4jx000carmkd4p0bnmp","BERAWAN",26.92890828528565,87.75645790243404,14.75393658351504,"S",0,"GOOD",,,true,"LOW",
"cmhq7r4ns003oarmki71y4kya","2025-11-06T23:00:00.000Z","cmhq7r4jz000darmkcezc3itx","BERAWAN",27.57645098426716,69.32481150566052,3.009134437333413,"NW",0,"GOOD",,,true,"LOW",
"cmhq7r4nt003qarmkiyshf7h8","2025-11-06T23:00:00.000Z","cmhq7r4k0000earmk06jk76ng","BERAWAN",30.78382930980215,87.00807562089791,4.223649811104328,"W",0,"GOOD",,,true,"LOW",
"cmhq7r4nw003sarmkblfejqpy","2025-11-06T23:00:00.000Z","cmhq7r4k1000farmk5w18co57","BERAWAN",31.87627732099525,75.18276319428175,4.251380728427867,"NW",0,"GOOD",,,true,"LOW",
"cmhq7r4nx003uarmkg4lb9vnh","2025-11-07T05:00:00.000Z","cmhq7r4jv000barmkfddw1hqv","MENDUNG",31.8003588477778,72.86103855620003,6.77759594976793,"N",0,"GOOD",,,true,"MEDIUM",
"cmhq7r4nz003warmkgu28ncmz","2025-11-07T05:00:00.000Z","cmhq7r4jx000carmkd4p0bnmp","MENDUNG",28.99898735456422,76.69944442005719,10.53834437342389,"S",0,"GOOD",,,true,"MEDIUM",
"cmhq7r4o0003yarmk33xck6zr","2025-11-07T05:00:00.000Z","cmhq7r4jz000darmkcezc3itx","MENDUNG",28.03771310597878,66.20630494321134,6.535256008153978,"NW",0,"GOOD",,,true,"MEDIUM",
"cmhq7r4o20040armkn2dja319","2025-11-07T05:00:00.000Z","cmhq7r4k0000earmk06jk76ng","MENDUNG",28.03552768701647,77.72862609600264,9.519681034212734,"SW",0,"GOOD",,,true,"MEDIUM",
"cmhq7r4o30042armkw1jy01v1","2025-11-07T05:00:00.000Z","cmhq7r4k1000farmk5w18co57","MENDUNG",29.98643248948544,80.30845616943013,8.925025869339715,"W",0,"GOOD",,,true,"MEDIUM",
"cmhq7r4o50044armkm6hhj7t6","2025-11-07T11:00:00.000Z","cmhq7r4jv000barmkfddw1hqv","CERAH",27.74513644227127,76.46908441815143,4.665510336955161,"NE",0,"GOOD",,,true,"LOW",
"cmhq7r4o60046armkkse5iyg3","2025-11-07T11:00:00.000Z","cmhq7r4jx000carmkd4p0bnmp","CERAH",28.53157071049259,67.89127934798795,8.133808293094535,"W",0,"GOOD",,,true,"LOW",
"cmhq7r4o70048armkiw516v33","2025-11-07T11:00:00.000Z","cmhq7r4jz000darmkcezc3itx","CERAH",29.25482290291267,71.34622891663012,14.7989733605654,"SE",0,"GOOD",,,true,"LOW",
"cmhq7r4o9004aarmk6dgwigy3","2025-11-07T11:00:00.000Z","cmhq7r4k0000earmk06jk76ng","CERAH",31.12736179969328,72.04085507831425,11.10574470940432,"NE",0,"GOOD",,,true,"LOW",
"cmhq7r4ob004carmkbzx3zo1w","2025-11-07T11:00:00.000Z","cmhq7r4k1000farmk5w18co57","CERAH",26.37834060725749,66.60138380458227,12.25834289433545,"NE",0,"GOOD",,,true,"LOW",
"cmhq7r4od004earmk1czartff","2025-11-05T17:00:00.000Z","cmhq7r4jv000barmkfddw1hqv","HUJAN_SEDANG",31.98342126405457,69.92823168737395,6.315355603755025,"S",19.23971094675156,"POOR",,,false,"HIGH","Operasi dihentikan sementara"
"cmhq7r4of004garmkudt0tsaa","2025-11-05T17:00:00.000Z","cmhq7r4jx000carmkd4p0bnmp","HUJAN_SEDANG",31.88257020587813,68.70084808794637,7.714446162126157,"S",33.10042281860478,"POOR",,,false,"HIGH","Operasi dihentikan sementara"
"cmhq7r4oh004iarmkl4xhmo32","2025-11-05T17:00:00.000Z","cmhq7r4jz000darmkcezc3itx","HUJAN_SEDANG",29.86081437893304,80.10618815417455,10.95932234738645,"NW",20.34055851743828,"POOR",,,false,"HIGH","Operasi dihentikan sementara"
"cmhq7r4oi004karmk6lcncuy9","2025-11-05T17:00:00.000Z","cmhq7r4k0000earmk06jk76ng","HUJAN_SEDANG",27.97714136476264,69.54750114076478,10.929578057735,"NE",17.62162185601217,"POOR",,,false,"HIGH","Operasi dihentikan sementara"
"cmhq7r4ok004marmkiwn3bfvm","2025-11-05T17:00:00.000Z","cmhq7r4k1000farmk5w18co57","HUJAN_SEDANG",31.58052298332671,81.91272562567404,8.907138689569674,"NW",15.57018702779353,"POOR",,,false,"HIGH","Operasi dihentikan sementara"
"cmhq7r4ol004oarmk41amnihk","2025-11-05T23:00:00.000Z","cmhq7r4jv000barmkfddw1hqv","HUJAN_RINGAN",28.00853451197921,65.39047292242834,8.273165916290543,"NE",38.9408315925832,"GOOD",,,true,"MEDIUM",
"cmhq7r4on004qarmk1g6ja8zs","2025-11-05T23:00:00.000Z","cmhq7r4jx000carmkd4p0bnmp","HUJAN_RINGAN",27.48095120026345,88.48731475326204,8.62486656189917,"NE",42.55210426781034,"GOOD",,,true,"MEDIUM",
"cmhq7r4oo004sarmkfigmlv36","2025-11-05T23:00:00.000Z","cmhq7r4jz000darmkcezc3itx","HUJAN_RINGAN",29.06311232888112,84.29023734521517,3.736961293067061,"N",33.03880200945953,"GOOD",,,true,"MEDIUM",
"cmhq7r4oq004uarmk3340hi1c","2025-11-05T23:00:00.000Z","cmhq7r4k0000earmk06jk76ng","HUJAN_RINGAN",27.7257624315764,81.7016997601169,13.09501105908877,"N",15.39951427215737,"GOOD",,,true,"MEDIUM",
"cmhq7r4os004warmkkkab5v6c","2025-11-05T23:00:00.000Z","cmhq7r4k1000farmk5w18co57","HUJAN_RINGAN",28.23109109779076,82.40158151556355,6.370706559582574,"SW",25.23693199328032,"GOOD",,,true,"MEDIUM",
"cmhq7r4ou004yarmkuzs8yo9l","2025-11-06T05:00:00.000Z","cmhq7r4jv000barmkfddw1hqv","MENDUNG",29.56211838336175,82.2433278250419,6.00234804709835,"W",0,"GOOD",,,true,"MEDIUM",
"cmhq7r4ow0050armk4vrik9ds","2025-11-06T05:00:00.000Z","cmhq7r4jx000carmkd4p0bnmp","MENDUNG",27.85445704022507,82.3419957728224,7.839149380368529,"NE",0,"GOOD",,,true,"MEDIUM",
"cmhq7r4ox0052armkhqzhgi9m","2025-11-06T05:00:00.000Z","cmhq7r4jz000darmkcezc3itx","MENDUNG",26.5091099314238,87.69059951971683,13.99334348399759,"SW",0,"GOOD",,,true,"MEDIUM",
"cmhq7r4oz0054armkxzfafpa6","2025-11-06T05:00:00.000Z","cmhq7r4k0000earmk06jk76ng","MENDUNG",28.96465218701865,81.09510298178321,10.24194467529253,"N",0,"GOOD",,,true,"MEDIUM",
"cmhq7r4p00056armkg60thhny","2025-11-06T05:00:00.000Z","cmhq7r4k1000farmk5w18co57","MENDUNG",27.98096644895714,88.75827650917498,5.518233163977597,"SE",0,"GOOD",,,true,"MEDIUM",
"cmhq7r4p20058armks4qol8qg","2025-11-06T11:00:00.000Z","cmhq7r4jv000barmkfddw1hqv","HUJAN_SEDANG",26.59116281132008,78.97811016468272,3.35015711964962,"NW",21.07808901634708,"POOR",,,false,"HIGH","Operasi dihentikan sementara"
"cmhq7r4p3005aarmkqund4u56","2025-11-06T11:00:00.000Z","cmhq7r4jx000carmkd4p0bnmp","HUJAN_SEDANG",29.28326084877653,84.29247997381421,12.8881768327862,"E",30.59606372434762,"POOR",,,false,"HIGH","Operasi dihentikan sementara"
"cmhq7r4p5005carmkf2wryk2q","2025-11-06T11:00:00.000Z","cmhq7r4jz000darmkcezc3itx","HUJAN_SEDANG",31.19264941888576,76.30138113697653,8.013909485711919,"S",43.93429793568304,"POOR",,,false,"HIGH","Operasi dihentikan sementara"
"cmhq7r4p7005earmktcwq690i","2025-11-06T11:00:00.000Z","cmhq7r4k0000earmk06jk76ng","HUJAN_SEDANG",27.00372583726459,73.90696547685828,3.085854203613238,"W",10.79677894074333,"POOR",,,false,"HIGH","Operasi dihentikan sementara"
"cmhq7r4p9005garmk6r5jq4al","2025-11-06T11:00:00.000Z","cmhq7r4k1000farmk5w18co57","HUJAN_SEDANG",31.70667369185209,70.43945995402414,7.731600703196774,"W",48.99025744646472,"POOR",,,false,"HIGH","Operasi dihentikan sementara"
"cmhq7r4pb005iarmkmsgy1o1v","2025-11-04T17:00:00.000Z","cmhq7r4jv000barmkfddw1hqv","MENDUNG",30.02659567036546,74.0851586515854,14.55263185888869,"SE",0,"GOOD",,,true,"MEDIUM",
"cmhq7r4pc005karmk26xmqmfp","2025-11-04T17:00:00.000Z","cmhq7r4jx000carmkd4p0bnmp","MENDUNG",26.06818214455816,72.91256180258128,7.253136686974874,"NE",0,"GOOD",,,true,"MEDIUM",
"cmhq7r4pe005marmk42zixou3","2025-11-04T17:00:00.000Z","cmhq7r4jz000darmkcezc3itx","MENDUNG",26.21056801671693,69.98165494576944,9.4234123692274,"NE",0,"GOOD",,,true,"MEDIUM",
"cmhq7r4pg005oarmkx3vahhr9","2025-11-04T17:00:00.000Z","cmhq7r4k0000earmk06jk76ng","MENDUNG",27.06948941843279,85.1508278452464,12.37930179349244,"N",0,"GOOD",,,true,"MEDIUM",
"cmhq7r4ph005qarmka4zr1azj","2025-11-04T17:00:00.000Z","cmhq7r4k1000farmk5w18co57","MENDUNG",27.27574297501781,66.83431262333498,11.1048839553562,"S",0,"GOOD",,,true,"MEDIUM",
"cmhq7r4pj005sarmks5wdnygc","2025-11-04T23:00:00.000Z","cmhq7r4jv000barmkfddw1hqv","HUJAN_RINGAN",30.8794402240466,81.38228526544816,6.116405309414285,"SW",13.84541475233498,"GOOD",,,true,"MEDIUM",
"cmhq7r4pk005uarmk3jb5mk1z","2025-11-04T23:00:00.000Z","cmhq7r4jx000carmkd4p0bnmp","HUJAN_RINGAN",29.31645067898432,86.02769436900837,14.36076258433822,"SE",27.7805542906565,"GOOD",,,true,"MEDIUM",
"cmhq7r4pm005warmkeqbmcrys","2025-11-04T23:00:00.000Z","cmhq7r4jz000darmkcezc3itx","HUJAN_RINGAN",28.66230603924231,79.18002659027093,14.14573295449852,"E",47.66821814065734,"GOOD",,,true,"MEDIUM",
"cmhq7r4po005yarmk0jstd7ed","2025-11-04T23:00:00.000Z","cmhq7r4k0000earmk06jk76ng","HUJAN_RINGAN",29.62336266446933,68.5671660285502,11.54789547773667,"SE",39.41724831098742,"GOOD",,,true,"MEDIUM",
"cmhq7r4pq0060armksznlka86","2025-11-04T23:00:00.000Z","cmhq7r4k1000farmk5w18co57","HUJAN_RINGAN",30.83092764563765,87.54119078371905,7.099450906523248,"NE",6.203332820148079,"GOOD",,,true,"MEDIUM",
"cmhq7r4ps0062armk2hwjs6m0","2025-11-05T05:00:00.000Z","cmhq7r4jv000barmkfddw1hqv","CERAH",31.45082218630525,87.7629607075234,6.750172116942352,"SE",0,"GOOD",,,true,"LOW",
"cmhq7r4pu0064armkhlpzr1al","2025-11-05T05:00:00.000Z","cmhq7r4jx000carmkd4p0bnmp","CERAH",28.23394281986705,66.0815626510753,3.627648851606363,"E",0,"GOOD",,,true,"LOW",
"cmhq7r4pv0066armkpatid9ev","2025-11-05T05:00:00.000Z","cmhq7r4jz000darmkcezc3itx","CERAH",26.85491899178559,65.62527184900938,3.324659077186082,"S",0,"GOOD",,,true,"LOW",
"cmhq7r4px0068armkkijvydgh","2025-11-05T05:00:00.000Z","cmhq7r4k0000earmk06jk76ng","CERAH",26.27262088147558,85.92615755427703,13.63472592391262,"N",0,"GOOD",,,true,"LOW",
"cmhq7r4py006aarmk3db2rwf4","2025-11-05T05:00:00.000Z","cmhq7r4k1000farmk5w18co57","CERAH",30.72851787024149,84.41446074672098,8.639986705180581,"N",0,"GOOD",,,true,"LOW",
"cmhq7r4q0006carmkf6m8eeyl","2025-11-05T11:00:00.000Z","cmhq7r4jv000barmkfddw1hqv","MENDUNG",26.31781988165757,77.5486281279207,12.76854567368781,"N",0,"GOOD",,,true,"MEDIUM",
"cmhq7r4q1006earmk6o3ucrc8","2025-11-05T11:00:00.000Z","cmhq7r4jx000carmkd4p0bnmp","MENDUNG",26.34411658614524,70.90163236101847,5.287788402596506,"NW",0,"GOOD",,,true,"MEDIUM",
"cmhq7r4q3006garmkxbu4xizc","2025-11-05T11:00:00.000Z","cmhq7r4jz000darmkcezc3itx","MENDUNG",30.01378522491972,81.71774054969333,14.69193216288597,"W",0,"GOOD",,,true,"MEDIUM",
"cmhq7r4q5006iarmkzhjh6ljk","2025-11-05T11:00:00.000Z","cmhq7r4k0000earmk06jk76ng","MENDUNG",30.33792771934927,86.75360211314056,9.531002889555648,"SW",0,"GOOD",,,true,"MEDIUM",
"cmhq7r4q6006karmkiggmlm7h","2025-11-05T11:00:00.000Z","cmhq7r4k1000farmk5w18co57","MENDUNG",27.01586492641745,69.33266382476008,5.279816461689335,"E",0,"GOOD",,,true,"MEDIUM",
"cmhq7r4q8006marmkk9vq9qkc","2025-11-03T17:00:00.000Z","cmhq7r4jv000barmkfddw1hqv","MENDUNG",30.89880522765059,81.31630624370264,8.622742663449984,"W",0,"GOOD",,,true,"MEDIUM",
"cmhq7r4qa006oarmktnh3c3rz","2025-11-03T17:00:00.000Z","cmhq7r4jx000carmkd4p0bnmp","MENDUNG",26.73831604466896,67.82887460759363,11.89454662083438,"SW",0,"GOOD",,,true,"MEDIUM",
"cmhq7r4qc006qarmk3sg920g2","2025-11-03T17:00:00.000Z","cmhq7r4jz000darmkcezc3itx","MENDUNG",27.38717280403209,67.29931045115163,6.404949747193068,"N",0,"GOOD",,,true,"MEDIUM",
"cmhq7r4qd006sarmknr5xqeop","2025-11-03T17:00:00.000Z","cmhq7r4k0000earmk06jk76ng","MENDUNG",28.85240207617328,81.3791978063791,6.38835466425222,"W",0,"GOOD",,,true,"MEDIUM",
"cmhq7r4qf006uarmkz54yaz77","2025-11-03T17:00:00.000Z","cmhq7r4k1000farmk5w18co57","MENDUNG",29.22681409229537,67.360451132635,12.19367083962837,"SE",0,"GOOD",,,true,"MEDIUM",
"cmhq7r4qg006warmkfd5vewr4","2025-11-03T23:00:00.000Z","cmhq7r4jv000barmkfddw1hqv","BERAWAN",29.29207512326104,84.27247392267658,9.43121731344021,"N",0,"GOOD",,,true,"LOW",
"cmhq7r4qi006yarmk67yk270a","2025-11-03T23:00:00.000Z","cmhq7r4jx000carmkd4p0bnmp","BERAWAN",31.22675152097699,79.40061441950795,9.940264957858027,"SW",0,"GOOD",,,true,"LOW",
"cmhq7r4qj0070armko8jbncyk","2025-11-03T23:00:00.000Z","cmhq7r4jz000darmkcezc3itx","BERAWAN",27.35900315295649,77.49564575525885,12.53741248031439,"E",0,"GOOD",,,true,"LOW",
"cmhq7r4ql0072armk2ehy8lm3","2025-11-03T23:00:00.000Z","cmhq7r4k0000earmk06jk76ng","BERAWAN",26.89856121045722,66.46783706934418,13.99145759927438,"SW",0,"GOOD",,,true,"LOW",
"cmhq7r4qn0074armkkfyxn04g","2025-11-03T23:00:00.000Z","cmhq7r4k1000farmk5w18co57","BERAWAN",29.56289250689548,79.13961566316796,3.405920507765531,"NW",0,"GOOD",,,true,"LOW",
"cmhq7r4qp0076armkofedq6nm","2025-11-04T05:00:00.000Z","cmhq7r4jv000barmkfddw1hqv","MENDUNG",26.82069996680441,73.1976775066331,13.53312000774935,"SE",0,"GOOD",,,true,"MEDIUM",
"cmhq7r4qr0078armkgu6n983c","2025-11-04T05:00:00.000Z","cmhq7r4jx000carmkd4p0bnmp","MENDUNG",29.60770996338557,73.87622133006806,10.73210535931095,"SE",0,"GOOD",,,true,"MEDIUM",
"cmhq7r4qt007aarmk95cp3fbv","2025-11-04T05:00:00.000Z","cmhq7r4jz000darmkcezc3itx","MENDUNG",26.55429227111515,69.92129425915273,5.660273714036063,"N",0,"GOOD",,,true,"MEDIUM",
"cmhq7r4qu007carmkhyhmhquc","2025-11-04T05:00:00.000Z","cmhq7r4k0000earmk06jk76ng","MENDUNG",31.85007726270489,73.42800062085794,6.330005993305088,"SW",0,"GOOD",,,true,"MEDIUM",
"cmhq7r4qw007earmkhukcwaww","2025-11-04T05:00:00.000Z","cmhq7r4k1000farmk5w18co57","MENDUNG",28.31390567205732,74.91234398095138,5.281164002968494,"E",0,"GOOD",,,true,"MEDIUM",
"cmhq7r4qx007garmkjw8jxxof","2025-11-04T11:00:00.000Z","cmhq7r4jv000barmkfddw1hqv","CERAH",28.84594756201765,68.74666895615849,12.70955738468794,"E",0,"GOOD",,,true,"LOW",
"cmhq7r4qz007iarmkfcst3tqr","2025-11-04T11:00:00.000Z","cmhq7r4jx000carmkd4p0bnmp","CERAH",29.11944991111455,83.93390746242946,12.34836318108216,"NE",0,"GOOD",,,true,"LOW",
"cmhq7r4r0007karmk67vwky0j","2025-11-04T11:00:00.000Z","cmhq7r4jz000darmkcezc3itx","CERAH",31.51732760732938,82.68975974824546,4.088057451649161,"S",0,"GOOD",,,true,"LOW",
"cmhq7r4r2007marmkbpwwvf50","2025-11-04T11:00:00.000Z","cmhq7r4k0000earmk06jk76ng","CERAH",26.80660013827283,66.29114278384938,14.90322421533212,"SE",0,"GOOD",,,true,"LOW",
"cmhq7r4r4007oarmkrkxv8kci","2025-11-04T11:00:00.000Z","cmhq7r4k1000farmk5w18co57","CERAH",27.41215705465783,73.01029213322408,11.82420403841349,"W",0,"GOOD",,,true,"LOW",
"cmhq7r4r6007qarmkxrodws3g","2025-11-02T17:00:00.000Z","cmhq7r4jv000barmkfddw1hqv","MENDUNG",30.18616654599352,77.6317660944591,7.330658106037247,"SE",0,"GOOD",,,true,"MEDIUM",
"cmhq7r4r7007sarmkhtxy24rh","2025-11-02T17:00:00.000Z","cmhq7r4jx000carmkd4p0bnmp","MENDUNG",30.05156440308254,76.32839825519682,5.857409321655374,"W",0,"GOOD",,,true,"MEDIUM",
"cmhq7r4r9007uarmke6ezur9j","2025-11-02T17:00:00.000Z","cmhq7r4jz000darmkcezc3itx","MENDUNG",31.14688886929962,80.79795086147445,7.93426762775625,"NE",0,"GOOD",,,true,"MEDIUM",
"cmhq7r4ra007warmkf61yhzh7","2025-11-02T17:00:00.000Z","cmhq7r4k0000earmk06jk76ng","MENDUNG",27.56911449457982,68.437257876505,8.94299429115707,"SE",0,"GOOD",,,true,"MEDIUM",
"cmhq7r4rc007yarmk6bvhx5ne","2025-11-02T17:00:00.000Z","cmhq7r4k1000farmk5w18co57","MENDUNG",27.83310913433842,67.22186813055038,4.545144751682842,"S",0,"GOOD",,,true,"MEDIUM",
"cmhq7r4rd0080armksu75035q","2025-11-02T23:00:00.000Z","cmhq7r4jv000barmkfddw1hqv","CERAH",31.21364237495746,65.77446036597108,14.72774954705383,"W",0,"GOOD",,,true,"LOW",
"cmhq7r4rf0082armk64vjp5pn","2025-11-02T23:00:00.000Z","cmhq7r4jx000carmkd4p0bnmp","CERAH",28.7805569164449,77.36853545448128,5.235776646311593,"SW",0,"GOOD",,,true,"LOW",
"cmhq7r4rg0084armka5o62hme","2025-11-02T23:00:00.000Z","cmhq7r4jz000darmkcezc3itx","CERAH",26.34220877151379,68.43754150284516,12.8153414547778,"NW",0,"GOOD",,,true,"LOW",
"cmhq7r4ri0086armk8c95lf2m","2025-11-02T23:00:00.000Z","cmhq7r4k0000earmk06jk76ng","CERAH",29.22753546758999,81.35130594898149,9.008008980798104,"SE",0,"GOOD",,,true,"LOW",
"cmhq7r4rk0088armk7yn5kxjl","2025-11-02T23:00:00.000Z","cmhq7r4k1000farmk5w18co57","CERAH",28.26180788783296,75.93195211683037,4.172105437743793,"SW",0,"GOOD",,,true,"LOW",
"cmhq7r4ro008aarmk27mplan3","2025-11-03T05:00:00.000Z","cmhq7r4jv000barmkfddw1hqv","HUJAN_RINGAN",28.67744496994194,84.93120643197076,6.750544925118962,"NE",38.13563897199781,"GOOD",,,true,"MEDIUM",
"cmhq7r4rq008carmk8imkaxfo","2025-11-03T05:00:00.000Z","cmhq7r4jx000carmkd4p0bnmp","HUJAN_RINGAN",28.44375845970896,71.45996507824356,12.84190175454751,"N",11.43434010365458,"GOOD",,,true,"MEDIUM",
"cmhq7r4rr008earmk4vwp8kjv","2025-11-03T05:00:00.000Z","cmhq7r4jz000darmkcezc3itx","HUJAN_RINGAN",27.78220089846174,69.96828959371311,10.04674087881372,"SE",49.63852414842824,"GOOD",,,true,"MEDIUM",
"cmhq7r4rt008garmkuo5gh54n","2025-11-03T05:00:00.000Z","cmhq7r4k0000earmk06jk76ng","HUJAN_RINGAN",28.206132505394,69.64636846760226,9.315555045721371,"SE",26.37743328586009,"GOOD",,,true,"MEDIUM",
"cmhq7r4ru008iarmkc2v5ivkw","2025-11-03T05:00:00.000Z","cmhq7r4k1000farmk5w18co57","HUJAN_RINGAN",30.18781079476748,77.0813807533444,5.330001313271142,"SW",33.30545448019048,"GOOD",,,true,"MEDIUM",
"cmhq7r4rw008karmkl6l9rs5i","2025-11-03T11:00:00.000Z","cmhq7r4jv000barmkfddw1hqv","BERAWAN",27.21561422738337,89.38712576388781,9.953085948865606,"NE",0,"GOOD",,,true,"LOW",
"cmhq7r4ry008marmkv86tz13b","2025-11-03T11:00:00.000Z","cmhq7r4jx000carmkd4p0bnmp","BERAWAN",27.84550137255282,88.33637354163835,11.43380223751661,"NE",0,"GOOD",,,true,"LOW",
"cmhq7r4s0008oarmkdvtbzvcy","2025-11-03T11:00:00.000Z","cmhq7r4jz000darmkcezc3itx","BERAWAN",30.63402697198064,87.73060105363834,13.50244732277432,"E",0,"GOOD",,,true,"LOW",
"cmhq7r4s2008qarmknxzxpeh1","2025-11-03T11:00:00.000Z","cmhq7r4k0000earmk06jk76ng","BERAWAN",27.0257600772366,78.96437854167877,7.429209682799373,"S",0,"GOOD",,,true,"LOW",
"cmhq7r4s4008sarmk2wv2npvw","2025-11-03T11:00:00.000Z","cmhq7r4k1000farmk5w18co57","BERAWAN",31.44107566431218,67.46866460807223,10.69824504863953,"S",0,"GOOD",,,true,"LOW",
"cmhq7r4s5008uarmkk8dwwan2","2025-11-01T17:00:00.000Z","cmhq7r4jv000barmkfddw1hqv","HUJAN_RINGAN",26.57758848715374,65.6370774522554,13.7565536239669,"NW",37.19681162071406,"GOOD",,,true,"MEDIUM",
"cmhq7r4s7008warmkaw59u4tj","2025-11-01T17:00:00.000Z","cmhq7r4jx000carmkd4p0bnmp","HUJAN_RINGAN",30.42909163303478,73.17365749252193,4.793234518031902,"SW",48.62512870235135,"GOOD",,,true,"MEDIUM",
"cmhq7r4s9008yarmkj75y4b53","2025-11-01T17:00:00.000Z","cmhq7r4jz000darmkcezc3itx","HUJAN_RINGAN",27.23478422574933,84.29300735998831,3.325326873817715,"N",30.23330251058832,"GOOD",,,true,"MEDIUM",
"cmhq7r4sa0090armksadmsrv2","2025-11-01T17:00:00.000Z","cmhq7r4k0000earmk06jk76ng","HUJAN_RINGAN",31.08187295508352,82.48544541560831,5.147591505506812,"NE",27.14898727926791,"GOOD",,,true,"MEDIUM",
"cmhq7r4sc0092armk9afuhn8g","2025-11-01T17:00:00.000Z","cmhq7r4k1000farmk5w18co57","HUJAN_RINGAN",31.53329186998344,74.79576099599473,12.45107067625612,"E",32.98468828309719,"GOOD",,,true,"MEDIUM",
"cmhq7r4sd0094armkcirs3cj3","2025-11-01T23:00:00.000Z","cmhq7r4jv000barmkfddw1hqv","HUJAN_RINGAN",31.83038996741115,81.11190372427401,7.019815977633156,"NW",18.82773648592456,"GOOD",,,true,"MEDIUM",
"cmhq7r4sf0096armkdibx1p7p","2025-11-01T23:00:00.000Z","cmhq7r4jx000carmkd4p0bnmp","HUJAN_RINGAN",26.55003785916376,86.71995797781487,8.432664485550353,"NW",47.85677268486162,"GOOD",,,true,"MEDIUM",
"cmhq7r4sh0098armkn24d8ezs","2025-11-01T23:00:00.000Z","cmhq7r4jz000darmkcezc3itx","HUJAN_RINGAN",30.4726283345071,89.7847350104637,14.67897423852232,"S",25.05568206686417,"GOOD",,,true,"MEDIUM",
"cmhq7r4sj009aarmk2tsfq3gf","2025-11-01T23:00:00.000Z","cmhq7r4k0000earmk06jk76ng","HUJAN_RINGAN",27.39809956622513,74.05250633424889,5.009617286516962,"NW",16.27448108592197,"GOOD",,,true,"MEDIUM",
"cmhq7r4sk009carmkig7c32vd","2025-11-01T23:00:00.000Z","cmhq7r4k1000farmk5w18co57","HUJAN_RINGAN",28.29194675936098,83.88319515513604,3.413056837464405,"SW",11.5971589723942,"GOOD",,,true,"MEDIUM",
"cmhq7r4sm009earmkdyvafyvv","2025-11-02T05:00:00.000Z","cmhq7r4jv000barmkfddw1hqv","CERAH",29.10330763049248,71.47399703737645,14.97304662305359,"SW",0,"GOOD",,,true,"LOW",
"cmhq7r4so009garmk07l9sydb","2025-11-02T05:00:00.000Z","cmhq7r4jx000carmkd4p0bnmp","CERAH",31.3155558661135,77.07426854690353,11.65971154992103,"NW",0,"GOOD",,,true,"LOW",
"cmhq7r4sp009iarmks5nm0l8i","2025-11-02T05:00:00.000Z","cmhq7r4jz000darmkcezc3itx","CERAH",31.68329452962008,72.74561277611944,3.48648650552559,"SW",0,"GOOD",,,true,"LOW",
"cmhq7r4sr009karmkp29mlogk","2025-11-02T05:00:00.000Z","cmhq7r4k0000earmk06jk76ng","CERAH",27.93795320498806,75.44586474455522,13.79634170630464,"NE",0,"GOOD",,,true,"LOW",
"cmhq7r4ss009marmkfuf6zfrb","2025-11-02T05:00:00.000Z","cmhq7r4k1000farmk5w18co57","CERAH",28.2991357181383,87.84700490036596,10.65237258751917,"S",0,"GOOD",,,true,"LOW",
"cmhq7r4su009oarmk1xukoaaw","2025-11-02T11:00:00.000Z","cmhq7r4jv000barmkfddw1hqv","MENDUNG",29.22590950724896,82.06142233861637,7.675718691170233,"NW",0,"GOOD",,,true,"MEDIUM",
"cmhq7r4sv009qarmkly3re0yi","2025-11-02T11:00:00.000Z","cmhq7r4jx000carmkd4p0bnmp","MENDUNG",31.02678253552916,81.41767199791086,7.810831685207522,"SE",0,"GOOD",,,true,"MEDIUM",
"cmhq7r4sx009sarmk1bgjb56l","2025-11-02T11:00:00.000Z","cmhq7r4jz000darmkcezc3itx","MENDUNG",30.94231405081626,68.17202689941678,3.961772774125458,"SW",0,"GOOD",,,true,"MEDIUM",
"cmhq7r4t0009uarmk45lu2kuh","2025-11-02T11:00:00.000Z","cmhq7r4k0000earmk06jk76ng","MENDUNG",31.59398171613558,67.29125106954388,7.38236280894446,"SE",0,"GOOD",,,true,"MEDIUM",
"cmhq7r4t1009warmkjy71d79d","2025-11-02T11:00:00.000Z","cmhq7r4k1000farmk5w18co57","MENDUNG",31.01450775002714,78.9592592970173,10.2739130269032,"NE",0,"GOOD",,,true,"MEDIUM",
"cmhq7r4t3009yarmkwjze4uk0","2025-10-31T17:00:00.000Z","cmhq7r4jv000barmkfddw1hqv","CERAH",27.8542571296386,72.63110275491266,5.52826767883306,"SW",0,"GOOD",,,true,"LOW",
"cmhq7r4t500a0armkji3tgqdn","2025-10-31T17:00:00.000Z","cmhq7r4jx000carmkd4p0bnmp","CERAH",26.28219598361258,66.58007351531624,10.9829231343446,"SE",0,"GOOD",,,true,"LOW",
"cmhq7r4t600a2armkcp87nlvw","2025-10-31T17:00:00.000Z","cmhq7r4jz000darmkcezc3itx","CERAH",28.61110596977966,81.17466419774819,14.11199878031537,"N",0,"GOOD",,,true,"LOW",
"cmhq7r4t800a4armkyd4w798a","2025-10-31T17:00:00.000Z","cmhq7r4k0000earmk06jk76ng","CERAH",27.71303727541506,81.6659473123129,10.79596606230256,"NW",0,"GOOD",,,true,"LOW",
"cmhq7r4t900a6armkdsalcxiy","2025-10-31T17:00:00.000Z","cmhq7r4k1000farmk5w18co57","CERAH",31.60262873889337,67.05997832288806,7.436871018486197,"N",0,"GOOD",,,true,"LOW",
"cmhq7r4ta00a8armkn8rkbt1d","2025-10-31T23:00:00.000Z","cmhq7r4jv000barmkfddw1hqv","MENDUNG",28.90552250227014,89.40669541007475,11.4006131056763,"SE",0,"GOOD",,,true,"MEDIUM",
"cmhq7r4tc00aaarmkwhj2hnc3","2025-10-31T23:00:00.000Z","cmhq7r4jx000carmkd4p0bnmp","MENDUNG",31.42168364608907,88.06033816979684,13.41613459552626,"E",0,"GOOD",,,true,"MEDIUM",
"cmhq7r4te00acarmkjtnd0v3u","2025-10-31T23:00:00.000Z","cmhq7r4jz000darmkcezc3itx","MENDUNG",28.2999813236197,86.86370777564542,4.425326785101239,"NW",0,"GOOD",,,true,"MEDIUM",
"cmhq7r4tg00aearmkw2s7zlmh","2025-10-31T23:00:00.000Z","cmhq7r4k0000earmk06jk76ng","MENDUNG",31.41718890215548,80.76344587266857,10.81958181001571,"SE",0,"GOOD",,,true,"MEDIUM",
"cmhq7r4ti00agarmkgjcvt016","2025-10-31T23:00:00.000Z","cmhq7r4k1000farmk5w18co57","MENDUNG",29.82712631947882,66.69707498633409,8.928388306800162,"W",0,"GOOD",,,true,"MEDIUM",
"cmhq7r4tj00aiarmknq7fpzmg","2025-11-01T05:00:00.000Z","cmhq7r4jv000barmkfddw1hqv","BERAWAN",30.64238111953263,77.17600273956441,10.45101662885972,"SE",0,"GOOD",,,true,"LOW",
"cmhq7r4tk00akarmk0sexgzxv","2025-11-01T05:00:00.000Z","cmhq7r4jx000carmkd4p0bnmp","BERAWAN",31.97702532263566,65.95557725948156,10.07628589991844,"SW",0,"GOOD",,,true,"LOW",
"cmhq7r4tm00amarmkvlcpw8iw","2025-11-01T05:00:00.000Z","cmhq7r4jz000darmkcezc3itx","BERAWAN",29.02082949430903,79.63643831020818,14.45815641499508,"SW",0,"GOOD",,,true,"LOW",
"cmhq7r4tn00aoarmkuiktmo6n","2025-11-01T05:00:00.000Z","cmhq7r4k0000earmk06jk76ng","BERAWAN",28.11138415622162,68.70709542770956,8.353178578386029,"E",0,"GOOD",,,true,"LOW",
"cmhq7r4tp00aqarmkf9h3xgv8","2025-11-01T05:00:00.000Z","cmhq7r4k1000farmk5w18co57","BERAWAN",28.11676894431421,68.03363826694896,12.64892940555865,"SE",0,"GOOD",,,true,"LOW",
"cmhq7r4tq00asarmks63qxlyc","2025-11-01T11:00:00.000Z","cmhq7r4jv000barmkfddw1hqv","BERAWAN",26.29311839499897,84.12214937135357,11.95096127164602,"SW",0,"GOOD",,,true,"LOW",
"cmhq7r4ts00auarmkv8a2e6ie","2025-11-01T11:00:00.000Z","cmhq7r4jx000carmkd4p0bnmp","BERAWAN",31.21744285576115,72.87748171067604,6.617756026470827,"NE",0,"GOOD",,,true,"LOW",
"cmhq7r4tu00awarmkib0wwfed","2025-11-01T11:00:00.000Z","cmhq7r4jz000darmkcezc3itx","BERAWAN",27.88401256892197,89.81215773715621,9.3588411761691,"E",0,"GOOD",,,true,"LOW",
"cmhq7r4tw00ayarmk22c79txi","2025-11-01T11:00:00.000Z","cmhq7r4k0000earmk06jk76ng","BERAWAN",29.08801956428313,69.31057790624014,5.220367674184643,"W",0,"GOOD",,,true,"LOW",
"cmhq7r4ty00b0armk9vplfwy7","2025-11-01T11:00:00.000Z","cmhq7r4k1000farmk5w18co57","BERAWAN",26.344286164641,67.03394528580237,5.775163836820155,"N",0,"GOOD",,,true,"LOW",
"cmhq7r4u000b2armktvleyw58","2025-10-30T17:00:00.000Z","cmhq7r4jv000barmkfddw1hqv","BERAWAN",30.29501477647495,76.37676691553514,8.34026770379792,"NW",0,"GOOD",,,true,"LOW",
"cmhq7r4u100b4armk19von68c","2025-10-30T17:00:00.000Z","cmhq7r4jx000carmkd4p0bnmp","BERAWAN",26.66793413475518,86.09388470799749,8.55375866230948,"SW",0,"GOOD",,,true,"LOW",
"cmhq7r4u300b6armkcv93866i","2025-10-30T17:00:00.000Z","cmhq7r4jz000darmkcezc3itx","BERAWAN",28.20710082173999,69.20587593020632,9.3749627327911,"N",0,"GOOD",,,true,"LOW",
"cmhq7r4u400b8armkwqhms5s7","2025-10-30T17:00:00.000Z","cmhq7r4k0000earmk06jk76ng","BERAWAN",27.52563744855287,81.11454750805677,6.603366364347538,"NW",0,"GOOD",,,true,"LOW",
"cmhq7r4u600baarmk1z7mpd9t","2025-10-30T17:00:00.000Z","cmhq7r4k1000farmk5w18co57","BERAWAN",26.62006213260547,80.16761600866538,13.63602932409172,"N",0,"GOOD",,,true,"LOW",
"cmhq7r4u700bcarmk6m37e2f1","2025-10-30T23:00:00.000Z","cmhq7r4jv000barmkfddw1hqv","HUJAN_SEDANG",30.49627445566286,72.39054978089926,4.046077084717078,"SW",18.07589205071286,"POOR",,,false,"HIGH","Operasi dihentikan sementara"
"cmhq7r4u900bearmkd9w9v0q7","2025-10-30T23:00:00.000Z","cmhq7r4jx000carmkd4p0bnmp","HUJAN_SEDANG",27.88880565516085,76.0234719943373,8.632413404294638,"N",9.86179018192858,"POOR",,,false,"HIGH","Operasi dihentikan sementara"
"cmhq7r4ub00bgarmk18r6zi2h","2025-10-30T23:00:00.000Z","cmhq7r4jz000darmkcezc3itx","HUJAN_SEDANG",28.66593795650072,84.69285499875721,5.740395797975338,"S",10.28449209298607,"POOR",,,false,"HIGH","Operasi dihentikan sementara"
"cmhq7r4ud00biarmk5umpdt4z","2025-10-30T23:00:00.000Z","cmhq7r4k0000earmk06jk76ng","HUJAN_SEDANG",30.52977556700447,67.58433750295308,14.79206818699255,"S",49.16129759254604,"POOR",,,false,"HIGH","Operasi dihentikan sementara"
"cmhq7r4uf00bkarmkvxycse26","2025-10-30T23:00:00.000Z","cmhq7r4k1000farmk5w18co57","HUJAN_SEDANG",28.01471243565038,87.55305433926237,4.17306613553224,"S",12.41986316346229,"POOR",,,false,"HIGH","Operasi dihentikan sementara"
"cmhq7r4uh00bmarmk4mohnyyz","2025-10-31T05:00:00.000Z","cmhq7r4jv000barmkfddw1hqv","MENDUNG",30.59045020763954,87.69117026742188,14.96357321398822,"NE",0,"GOOD",,,true,"MEDIUM",
"cmhq7r4ui00boarmk6ligwi50","2025-10-31T05:00:00.000Z","cmhq7r4jx000carmkd4p0bnmp","MENDUNG",30.88631268911201,85.5658709605201,8.009133921452701,"NW",0,"GOOD",,,true,"MEDIUM",
"cmhq7r4uk00bqarmkbfg4gw90","2025-10-31T05:00:00.000Z","cmhq7r4jz000darmkcezc3itx","MENDUNG",27.61999542219777,79.149472778051,12.54889171356408,"NW",0,"GOOD",,,true,"MEDIUM",
"cmhq7r4ul00bsarmkjaqmqwf6","2025-10-31T05:00:00.000Z","cmhq7r4k0000earmk06jk76ng","MENDUNG",27.01124003906677,66.50952274875479,10.98829015100182,"N",0,"GOOD",,,true,"MEDIUM",
"cmhq7r4un00buarmkp2jy9jr6","2025-10-31T05:00:00.000Z","cmhq7r4k1000farmk5w18co57","MENDUNG",26.89740820281689,67.39546643822563,4.111549132395821,"S",0,"GOOD",,,true,"MEDIUM",
"cmhq7r4uo00bwarmkmz9637vx","2025-10-31T11:00:00.000Z","cmhq7r4jv000barmkfddw1hqv","MENDUNG",30.1266269784353,67.93987441065053,10.00601324898251,"N",0,"GOOD",,,true,"MEDIUM",
"cmhq7r4uq00byarmk5gfnh3kc","2025-10-31T11:00:00.000Z","cmhq7r4jx000carmkd4p0bnmp","MENDUNG",26.61330283624023,89.06784557222196,9.388506018132325,"SW",0,"GOOD",,,true,"MEDIUM",
"cmhq7r4us00c0armkqld574md","2025-10-31T11:00:00.000Z","cmhq7r4jz000darmkcezc3itx","MENDUNG",27.25702342363185,70.37224599011543,9.834040511892994,"E",0,"GOOD",,,true,"MEDIUM",
"cmhq7r4uu00c2armkfzwpkozk","2025-10-31T11:00:00.000Z","cmhq7r4k0000earmk06jk76ng","MENDUNG",30.80318480288844,76.08805522678387,6.362470121332756,"N",0,"GOOD",,,true,"MEDIUM",
"cmhq7r4uw00c4armktx3rktlj","2025-10-31T11:00:00.000Z","cmhq7r4k1000farmk5w18co57","MENDUNG",30.63735020214709,69.27126265378939,7.502013525454314,"N",0,"GOOD",,,true,"MEDIUM",
"cmhq7r4uy00c6armk6560r2z5","2025-10-29T17:00:00.000Z","cmhq7r4jv000barmkfddw1hqv","BERAWAN",29.51960736155481,69.47717458927497,6.562163740695133,"N",0,"GOOD",,,true,"LOW",
"cmhq7r4uz00c8armkiyafyppb","2025-10-29T17:00:00.000Z","cmhq7r4jx000carmkd4p0bnmp","BERAWAN",29.73539791699742,86.6093550473654,13.82608028963659,"E",0,"GOOD",,,true,"LOW",
"cmhq7r4v100caarmkfim9xysg","2025-10-29T17:00:00.000Z","cmhq7r4jz000darmkcezc3itx","BERAWAN",29.0355691142937,82.11851191199541,6.872978905101075,"NE",0,"GOOD",,,true,"LOW",
"cmhq7r4v300ccarmk4xkf0v69","2025-10-29T17:00:00.000Z","cmhq7r4k0000earmk06jk76ng","BERAWAN",26.25461703778381,84.61954815773802,6.85223946019669,"SE",0,"GOOD",,,true,"LOW",
"cmhq7r4v400cearmkilonhz6n","2025-10-29T17:00:00.000Z","cmhq7r4k1000farmk5w18co57","BERAWAN",31.4639529097897,89.0960940443836,7.975113572938509,"S",0,"GOOD",,,true,"LOW",
"cmhq7r4v600cgarmk54z47can","2025-10-29T23:00:00.000Z","cmhq7r4jv000barmkfddw1hqv","BERAWAN",31.10839297296631,66.88085607793779,14.59548174167992,"N",0,"GOOD",,,true,"LOW",
"cmhq7r4v800ciarmkwxjt0bxz","2025-10-29T23:00:00.000Z","cmhq7r4jx000carmkd4p0bnmp","BERAWAN",30.98795994698548,87.47114611281336,7.93839076664664,"SW",0,"GOOD",,,true,"LOW",
"cmhq7r4va00ckarmk75l6pf02","2025-10-29T23:00:00.000Z","cmhq7r4jz000darmkcezc3itx","BERAWAN",29.12634224231667,75.6429197391677,8.291016482580112,"E",0,"GOOD",,,true,"LOW",
"cmhq7r4vc00cmarmkgyyfrm3b","2025-10-29T23:00:00.000Z","cmhq7r4k0000earmk06jk76ng","BERAWAN",26.84418493624341,82.69440416748111,14.34191233342471,"SE",0,"GOOD",,,true,"LOW",
"cmhq7r4ve00coarmk5gyuse1t","2025-10-29T23:00:00.000Z","cmhq7r4k1000farmk5w18co57","BERAWAN",26.58010646469366,72.42477815192515,8.463013352637457,"NE",0,"GOOD",,,true,"LOW",
"cmhq7r4vf00cqarmkdbm7j30h","2025-10-30T05:00:00.000Z","cmhq7r4jv000barmkfddw1hqv","HUJAN_SEDANG",31.35680132441451,75.52496834333674,8.956201942708628,"S",27.60246803157788,"POOR",,,false,"HIGH","Operasi dihentikan sementara"
"cmhq7r4vh00csarmkyyqishfa","2025-10-30T05:00:00.000Z","cmhq7r4jx000carmkd4p0bnmp","HUJAN_SEDANG",28.36845955697789,80.19088593874224,5.527158443330581,"NE",30.84554390232419,"POOR",,,false,"HIGH","Operasi dihentikan sementara"
"cmhq7r4vi00cuarmki8fj39lw","2025-10-30T05:00:00.000Z","cmhq7r4jz000darmkcezc3itx","HUJAN_SEDANG",27.89969916983752,69.14842339811159,7.035471692917199,"S",5.758908855296522,"POOR",,,false,"HIGH","Operasi dihentikan sementara"
"cmhq7r4vk00cwarmkr7pds6ax","2025-10-30T05:00:00.000Z","cmhq7r4k0000earmk06jk76ng","HUJAN_SEDANG",27.74356800658153,70.66730038540581,9.781513993167314,"SE",5.579131640856722,"POOR",,,false,"HIGH","Operasi dihentikan sementara"
"cmhq7r4vm00cyarmkjj2a8x9c","2025-10-30T05:00:00.000Z","cmhq7r4k1000farmk5w18co57","HUJAN_SEDANG",26.37397819346718,89.80640097909487,8.011544617447221,"SE",33.21862361705463,"POOR",,,false,"HIGH","Operasi dihentikan sementara"
"cmhq7r4vo00d0armkm5ufebxd","2025-10-30T11:00:00.000Z","cmhq7r4jv000barmkfddw1hqv","BERAWAN",30.76500738484388,70.85450743005089,10.99557259410402,"NE",0,"GOOD",,,true,"LOW",
"cmhq7r4vp00d2armkkyup4siu","2025-10-30T11:00:00.000Z","cmhq7r4jx000carmkd4p0bnmp","BERAWAN",28.34091898245551,89.84571830881902,9.496193061332388,"W",0,"GOOD",,,true,"LOW",
"cmhq7r4vr00d4armklwb06393","2025-10-30T11:00:00.000Z","cmhq7r4jz000darmkcezc3itx","BERAWAN",28.54726041814865,72.13242269412402,6.444779527493517,"NE",0,"GOOD",,,true,"LOW",
"cmhq7r4vt00d6armk7yjja19y","2025-10-30T11:00:00.000Z","cmhq7r4k0000earmk06jk76ng","BERAWAN",26.64995390009884,71.80080771922317,8.722977362920627,"S",0,"GOOD",,,true,"LOW",
"cmhq7r4vu00d8armkmsleswst","2025-10-30T11:00:00.000Z","cmhq7r4k1000farmk5w18co57","BERAWAN",31.63123851956537,67.81979278554839,4.540807911778281,"NE",0,"GOOD",,,true,"LOW",
"cmhq7r4vw00daarmkk8ssdnb7","2025-10-28T17:00:00.000Z","cmhq7r4jv000barmkfddw1hqv","HUJAN_RINGAN",26.32964937988616,66.99150470046376,8.159460718170479,"NE",7.058538226812232,"GOOD",,,true,"MEDIUM",
"cmhq7r4vx00dcarmk2hcmuan0","2025-10-28T17:00:00.000Z","cmhq7r4jx000carmkd4p0bnmp","HUJAN_RINGAN",30.35397017415605,69.19965565017675,4.286003405231464,"SE",14.38780828095701,"GOOD",,,true,"MEDIUM",
"cmhq7r4vz00dearmk12b75px6","2025-10-28T17:00:00.000Z","cmhq7r4jz000darmkcezc3itx","HUJAN_RINGAN",27.62540083631675,67.52390329143005,14.23596482275421,"S",11.46474236952669,"GOOD",,,true,"MEDIUM",
"cmhq7r4w000dgarmkyvi8bdrt","2025-10-28T17:00:00.000Z","cmhq7r4k0000earmk06jk76ng","HUJAN_RINGAN",31.96556634802094,79.88927083801948,12.06318233718514,"E",31.88446286264025,"GOOD",,,true,"MEDIUM",
"cmhq7r4w100diarmk3wd8849o","2025-10-28T17:00:00.000Z","cmhq7r4k1000farmk5w18co57","HUJAN_RINGAN",31.09457065300687,65.24687129953561,12.37137810256957,"S",23.12577414607968,"GOOD",,,true,"MEDIUM",
"cmhq7r4w300dkarmkaou0x8ya","2025-10-28T23:00:00.000Z","cmhq7r4jv000barmkfddw1hqv","HUJAN_SEDANG",27.56916377494394,79.58345359431013,11.3684984136254,"NE",42.26548737339026,"POOR",,,false,"HIGH","Operasi dihentikan sementara"
"cmhq7r4w500dmarmkorar72g5","2025-10-28T23:00:00.000Z","cmhq7r4jx000carmkd4p0bnmp","HUJAN_SEDANG",31.3336477535212,76.54692552899769,12.98062456370003,"NE",42.22624062991429,"POOR",,,false,"HIGH","Operasi dihentikan sementara"
"cmhq7r4w600doarmkgrw757ha","2025-10-28T23:00:00.000Z","cmhq7r4jz000darmkcezc3itx","HUJAN_SEDANG",27.30943145112068,65.95603444872305,9.854419716707827,"S",25.10127091742214,"POOR",,,false,"HIGH","Operasi dihentikan sementara"
"cmhq7r4w800dqarmkazymrvs6","2025-10-28T23:00:00.000Z","cmhq7r4k0000earmk06jk76ng","HUJAN_SEDANG",30.47698687137265,68.30273188372789,4.061727809446128,"E",8.818013400834264,"POOR",,,false,"HIGH","Operasi dihentikan sementara"
"cmhq7r4wa00dsarmkzstb7ine","2025-10-28T23:00:00.000Z","cmhq7r4k1000farmk5w18co57","HUJAN_SEDANG",28.58690919101192,79.36808976317124,9.066495158253003,"SE",46.57127907404318,"POOR",,,false,"HIGH","Operasi dihentikan sementara"
"cmhq7r4wc00duarmkizazogxk","2025-10-29T05:00:00.000Z","cmhq7r4jv000barmkfddw1hqv","MENDUNG",29.95137651282582,80.89765711477399,4.301210501909087,"NW",0,"GOOD",,,true,"MEDIUM",
"cmhq7r4wd00dwarmk193q05ha","2025-10-29T05:00:00.000Z","cmhq7r4jx000carmkd4p0bnmp","MENDUNG",30.51984417966615,71.1844320047682,3.854400055741992,"S",0,"GOOD",,,true,"MEDIUM",
"cmhq7r4wf00dyarmk7qp901cd","2025-10-29T05:00:00.000Z","cmhq7r4jz000darmkcezc3itx","MENDUNG",31.85727247216921,79.55645250165118,13.72955636685142,"E",0,"GOOD",,,true,"MEDIUM",
"cmhq7r4wh00e0armkuah3na36","2025-10-29T05:00:00.000Z","cmhq7r4k0000earmk06jk76ng","MENDUNG",29.36832557163207,75.69066208437133,12.68021989782769,"NW",0,"GOOD",,,true,"MEDIUM",
"cmhq7r4wi00e2armkg0if8av0","2025-10-29T05:00:00.000Z","cmhq7r4k1000farmk5w18co57","MENDUNG",28.49075675874921,85.64560434695294,14.79997052210013,"NW",0,"GOOD",,,true,"MEDIUM",
"cmhq7r4wk00e4armkw7g7kzmi","2025-10-29T11:00:00.000Z","cmhq7r4jv000barmkfddw1hqv","MENDUNG",28.64132923426711,65.89410247054664,5.022941097783162,"E",0,"GOOD",,,true,"MEDIUM",
"cmhq7r4wm00e6armkevjsvtd8","2025-10-29T11:00:00.000Z","cmhq7r4jx000carmkd4p0bnmp","MENDUNG",29.42253511355176,75.04259188368697,10.65025855543794,"NW",0,"GOOD",,,true,"MEDIUM",
"cmhq7r4wo00e8armk1am6luf8","2025-10-29T11:00:00.000Z","cmhq7r4jz000darmkcezc3itx","MENDUNG",28.54338586159377,67.34231835662365,12.82969331813474,"SW",0,"GOOD",,,true,"MEDIUM",
"cmhq7r4wq00eaarmkngd1ks2j","2025-10-29T11:00:00.000Z","cmhq7r4k0000earmk06jk76ng","MENDUNG",26.1532445813468,82.18394470358164,4.255987217863182,"N",0,"GOOD",,,true,"MEDIUM",
"cmhq7r4ws00ecarmkuvqiveq3","2025-10-29T11:00:00.000Z","cmhq7r4k1000farmk5w18co57","MENDUNG",31.88607976367117,82.48231461934658,9.064023666905566,"NE",0,"GOOD",,,true,"MEDIUM",
"cmhq7r4wt00eearmkiuhxmzwj","2025-10-27T17:00:00.000Z","cmhq7r4jv000barmkfddw1hqv","HUJAN_RINGAN",27.15634438725235,72.11592690611195,10.81430893715318,"NE",44.41303051765713,"GOOD",,,true,"MEDIUM",
"cmhq7r4wv00egarmki0hac867","2025-10-27T17:00:00.000Z","cmhq7r4jx000carmkd4p0bnmp","HUJAN_RINGAN",27.93511980079508,71.93347142479249,6.729662932453011,"NW",16.36214307538869,"GOOD",,,true,"MEDIUM",
"cmhq7r4ww00eiarmk507tma0b","2025-10-27T17:00:00.000Z","cmhq7r4jz000darmkcezc3itx","HUJAN_RINGAN",29.36674111023667,86.2948533361587,3.71991112982613,"W",49.95469868415244,"GOOD",,,true,"MEDIUM",
"cmhq7r4wy00ekarmk3s4wogkg","2025-10-27T17:00:00.000Z","cmhq7r4k0000earmk06jk76ng","HUJAN_RINGAN",31.29245388811466,69.08195918121818,11.69664350999015,"SW",5.503075488463748,"GOOD",,,true,"MEDIUM",
"cmhq7r4wz00emarmkumrlynqn","2025-10-27T17:00:00.000Z","cmhq7r4k1000farmk5w18co57","HUJAN_RINGAN",28.60384257862283,73.04950967036419,13.9163973345924,"SE",32.9074840198104,"GOOD",,,true,"MEDIUM",
"cmhq7r4x100eoarmkdw5i6ufo","2025-10-27T23:00:00.000Z","cmhq7r4jv000barmkfddw1hqv","HUJAN_RINGAN",29.34937511974018,78.71624396030421,9.16080165997246,"E",32.06162394516976,"GOOD",,,true,"MEDIUM",
"cmhq7r4x300eqarmk517a7c9h","2025-10-27T23:00:00.000Z","cmhq7r4jx000carmkd4p0bnmp","HUJAN_RINGAN",30.84073861286048,71.21269169371455,3.626707056271777,"NE",29.81790243725453,"GOOD",,,true,"MEDIUM",
"cmhq7r4x500esarmkj8trv75d","2025-10-27T23:00:00.000Z","cmhq7r4jz000darmkcezc3itx","HUJAN_RINGAN",27.74919075073138,83.98103661167856,7.317711112328102,"SE",16.32117732468751,"GOOD",,,true,"MEDIUM",
"cmhq7r4x700euarmkq3mogvmb","2025-10-27T23:00:00.000Z","cmhq7r4k0000earmk06jk76ng","HUJAN_RINGAN",27.56283053540259,73.55199197955724,8.692177424137645,"N",35.06378012465873,"GOOD",,,true,"MEDIUM",
"cmhq7r4x800ewarmk3asm6pol","2025-10-27T23:00:00.000Z","cmhq7r4k1000farmk5w18co57","HUJAN_RINGAN",29.92940478508611,85.63102982806954,9.296540662919444,"SE",7.735525722608159,"GOOD",,,true,"MEDIUM",
"cmhq7r4xa00eyarmk1u9d6gas","2025-10-28T05:00:00.000Z","cmhq7r4jv000barmkfddw1hqv","HUJAN_SEDANG",30.08135598910985,74.53804308297352,8.389061079342849,"SW",48.32220442861936,"POOR",,,false,"HIGH","Operasi dihentikan sementara"
"cmhq7r4xb00f0armk97pzfei5","2025-10-28T05:00:00.000Z","cmhq7r4jx000carmkd4p0bnmp","HUJAN_SEDANG",29.80055922727027,85.01961946210226,7.649474211569666,"E",23.03820071381429,"POOR",,,false,"HIGH","Operasi dihentikan sementara"
"cmhq7r4xd00f2armkzgpbua1v","2025-10-28T05:00:00.000Z","cmhq7r4jz000darmkcezc3itx","HUJAN_SEDANG",30.39850631971612,81.50099295426662,12.95836941414995,"NW",14.8947175671591,"POOR",,,false,"HIGH","Operasi dihentikan sementara"
"cmhq7r4xe00f4armk24rw31bs","2025-10-28T05:00:00.000Z","cmhq7r4k0000earmk06jk76ng","HUJAN_SEDANG",31.65846265319454,88.78763028764413,5.176411877872384,"NW",30.14406944596533,"POOR",,,false,"HIGH","Operasi dihentikan sementara"
"cmhq7r4xg00f6armkyd9ttrtf","2025-10-28T05:00:00.000Z","cmhq7r4k1000farmk5w18co57","HUJAN_SEDANG",30.25995293063537,85.95269537851891,6.755484867767356,"W",11.88327054201247,"POOR",,,false,"HIGH","Operasi dihentikan sementara"
"cmhq7r4xh00f8armktyf6siab","2025-10-28T11:00:00.000Z","cmhq7r4jv000barmkfddw1hqv","MENDUNG",31.37344719743751,83.44059875037621,7.830189577911738,"W",0,"GOOD",,,true,"MEDIUM",
"cmhq7r4xj00faarmkx5ncgzdd","2025-10-28T11:00:00.000Z","cmhq7r4jx000carmkd4p0bnmp","MENDUNG",26.23400000953414,79.32067244316156,14.97520836529958,"SW",0,"GOOD",,,true,"MEDIUM",
"cmhq7r4xl00fcarmkoaua2gqt","2025-10-28T11:00:00.000Z","cmhq7r4jz000darmkcezc3itx","MENDUNG",28.37029683548727,85.1266947655688,12.0799447291756,"SW",0,"GOOD",,,true,"MEDIUM",
"cmhq7r4xn00fearmk8091svw5","2025-10-28T11:00:00.000Z","cmhq7r4k0000earmk06jk76ng","MENDUNG",31.74849719288319,74.90621507846353,12.22693681468035,"SE",0,"GOOD",,,true,"MEDIUM",
"cmhq7r4xo00fgarmk5clk44g2","2025-10-28T11:00:00.000Z","cmhq7r4k1000farmk5w18co57","MENDUNG",31.48457620347638,65.86281748398714,13.69014505400017,"N",0,"GOOD",,,true,"MEDIUM",
"cmhq7r4xq00fiarmk9q4ohvgr","2025-10-26T17:00:00.000Z","cmhq7r4jv000barmkfddw1hqv","HUJAN_RINGAN",29.50833521587041,79.83917173803489,6.544062550255627,"E",42.44404993627735,"GOOD",,,true,"MEDIUM",
"cmhq7r4xs00fkarmkdpkffbqx","2025-10-26T17:00:00.000Z","cmhq7r4jx000carmkd4p0bnmp","HUJAN_RINGAN",29.80779568232392,70.28692381157909,8.05323886646947,"W",27.73428140531965,"GOOD",,,true,"MEDIUM",
"cmhq7r4xt00fmarmkvp9wej31","2025-10-26T17:00:00.000Z","cmhq7r4jz000darmkcezc3itx","HUJAN_RINGAN",26.74163315157862,76.95109752666005,8.17471224608241,"SW",47.76991608336615,"GOOD",,,true,"MEDIUM",
"cmhq7r4xu00foarmka6hkom7l","2025-10-26T17:00:00.000Z","cmhq7r4k0000earmk06jk76ng","HUJAN_RINGAN",28.7919150387803,76.81375380503303,10.22466171034672,"NW",42.50592228611232,"GOOD",,,true,"MEDIUM",
"cmhq7r4xw00fqarmkgfx587b8","2025-10-26T17:00:00.000Z","cmhq7r4k1000farmk5w18co57","HUJAN_RINGAN",29.50006006947707,79.52686140298232,14.16491022557584,"NE",10.80429482864002,"GOOD",,,true,"MEDIUM",
"cmhq7r4xy00fsarmkqnbu7r9m","2025-10-26T23:00:00.000Z","cmhq7r4jv000barmkfddw1hqv","HUJAN_RINGAN",26.69104756673451,80.50152965334802,6.514837912655635,"E",48.32969693098866,"GOOD",,,true,"MEDIUM",
"cmhq7r4xz00fuarmkd7uj52t0","2025-10-26T23:00:00.000Z","cmhq7r4jx000carmkd4p0bnmp","HUJAN_RINGAN",28.99301107412772,65.3924505526963,14.42611532172063,"SE",49.24281463254135,"GOOD",,,true,"MEDIUM",
"cmhq7r4y200fwarmkawtot4mq","2025-10-26T23:00:00.000Z","cmhq7r4jz000darmkcezc3itx","HUJAN_RINGAN",28.43614816375913,87.1175178679715,11.33148651691785,"W",16.20599730931998,"GOOD",,,true,"MEDIUM",
"cmhq7r4y400fyarmky19dsrxr","2025-10-26T23:00:00.000Z","cmhq7r4k0000earmk06jk76ng","HUJAN_RINGAN",28.91747915755263,88.35501812497881,6.418593203835809,"SW",35.00112666115869,"GOOD",,,true,"MEDIUM",
"cmhq7r4y500g0armkj2p9qgnd","2025-10-26T23:00:00.000Z","cmhq7r4k1000farmk5w18co57","HUJAN_RINGAN",31.10275945138065,71.44541439958441,7.697632309999939,"E",6.850848685774866,"GOOD",,,true,"MEDIUM",
"cmhq7r4y700g2armkqay86tar","2025-10-27T05:00:00.000Z","cmhq7r4jv000barmkfddw1hqv","BERAWAN",29.56568777304567,81.19342112967675,11.67418172761084,"W",0,"GOOD",,,true,"LOW",
"cmhq7r4y800g4armk9qxym5wq","2025-10-27T05:00:00.000Z","cmhq7r4jx000carmkd4p0bnmp","BERAWAN",27.61107289969321,76.67300312995415,6.891320766217704,"NW",0,"GOOD",,,true,"LOW",
"cmhq7r4y900g6armki5jwfa54","2025-10-27T05:00:00.000Z","cmhq7r4jz000darmkcezc3itx","BERAWAN",28.40612448571709,73.5430379781121,14.52833857462111,"NE",0,"GOOD",,,true,"LOW",
"cmhq7r4yb00g8armk6ois7ilb","2025-10-27T05:00:00.000Z","cmhq7r4k0000earmk06jk76ng","BERAWAN",28.35970741057828,77.3685784376552,12.41534303222069,"S",0,"GOOD",,,true,"LOW",
"cmhq7r4yd00gaarmkv5mo9tqu","2025-10-27T05:00:00.000Z","cmhq7r4k1000farmk5w18co57","BERAWAN",31.51848105725792,79.98720022810468,11.68059367204456,"S",0,"GOOD",,,true,"LOW",
"cmhq7r4ye00gcarmkkgttpa18","2025-10-27T11:00:00.000Z","cmhq7r4jv000barmkfddw1hqv","HUJAN_RINGAN",26.41320834087862,86.00778934265611,9.89208889223783,"E",15.59678517944918,"GOOD",,,true,"MEDIUM",
"cmhq7r4yg00gearmkqpko6qb6","2025-10-27T11:00:00.000Z","cmhq7r4jx000carmkd4p0bnmp","HUJAN_RINGAN",31.93633330085359,89.01558818433855,13.36243748869913,"NE",45.48609496880787,"GOOD",,,true,"MEDIUM",
"cmhq7r4yi00ggarmk2fpbvhkp","2025-10-27T11:00:00.000Z","cmhq7r4jz000darmkcezc3itx","HUJAN_RINGAN",29.58089447936708,77.4132514177482,9.43817343498116,"W",19.0885175786973,"GOOD",,,true,"MEDIUM",
"cmhq7r4yk00giarmkos533mup","2025-10-27T11:00:00.000Z","cmhq7r4k0000earmk06jk76ng","HUJAN_RINGAN",29.30607868185573,73.54250949719629,13.77764689701055,"SE",28.27386045573349,"GOOD",,,true,"MEDIUM",
"cmhq7r4ym00gkarmke4jm4e8g","2025-10-27T11:00:00.000Z","cmhq7r4k1000farmk5w18co57","HUJAN_RINGAN",31.46755578311224,71.6522424248001,8.46179988509243,"E",28.74114211810801,"GOOD",,,true,"MEDIUM",
"cmhq7r4yo00gmarmkipg220t8","2025-10-25T17:00:00.000Z","cmhq7r4jv000barmkfddw1hqv","BERAWAN",28.48977004706515,71.55275609576026,14.93041111320712,"NE",0,"GOOD",,,true,"LOW",
"cmhq7r4yp00goarmkq4cv5gfb","2025-10-25T17:00:00.000Z","cmhq7r4jx000carmkd4p0bnmp","BERAWAN",31.41606674999289,69.83768258754426,8.040104969031258,"SW",0,"GOOD",,,true,"LOW",
"cmhq7r4yr00gqarmk0vjsa7tn","2025-10-25T17:00:00.000Z","cmhq7r4jz000darmkcezc3itx","BERAWAN",29.82675938831072,82.38442702578811,13.44721957827062,"S",0,"GOOD",,,true,"LOW",
"cmhq7r4ys00gsarmkbg7ynhbi","2025-10-25T17:00:00.000Z","cmhq7r4k0000earmk06jk76ng","BERAWAN",30.28915969533347,84.96192020778433,4.902476303274369,"SW",0,"GOOD",,,true,"LOW",
"cmhq7r4yu00guarmkr1h63hk4","2025-10-25T17:00:00.000Z","cmhq7r4k1000farmk5w18co57","BERAWAN",30.80130388213458,80.4953447841781,4.358459911576481,"SW",0,"GOOD",,,true,"LOW",
"cmhq7r4yv00gwarmkfrllv6pk","2025-10-25T23:00:00.000Z","cmhq7r4jv000barmkfddw1hqv","CERAH",28.51307517527474,89.0868317042954,13.37234151838767,"NW",0,"GOOD",,,true,"LOW",
"cmhq7r4yx00gyarmkfg2hchh2","2025-10-25T23:00:00.000Z","cmhq7r4jx000carmkd4p0bnmp","CERAH",30.0096883436049,86.19429589740994,8.676326813427902,"E",0,"GOOD",,,true,"LOW",
"cmhq7r4yz00h0armkr0s3b2cq","2025-10-25T23:00:00.000Z","cmhq7r4jz000darmkcezc3itx","CERAH",26.08576697183312,87.2704670679289,12.80676872229439,"W",0,"GOOD",,,true,"LOW",
"cmhq7r4z100h2armk3nxkqila","2025-10-25T23:00:00.000Z","cmhq7r4k0000earmk06jk76ng","CERAH",29.6972023996715,67.91286807204285,9.600075315490956,"W",0,"GOOD",,,true,"LOW",
"cmhq7r4z200h4armknrdehz3k","2025-10-25T23:00:00.000Z","cmhq7r4k1000farmk5w18co57","CERAH",27.87651712324237,66.60244269258247,4.144681469031271,"NW",0,"GOOD",,,true,"LOW",
"cmhq7r4z400h6armkwuxiib6a","2025-10-26T05:00:00.000Z","cmhq7r4jv000barmkfddw1hqv","HUJAN_SEDANG",29.78960777494941,86.2848382277955,8.401335303632134,"SW",16.34423962501189,"POOR",,,false,"HIGH","Operasi dihentikan sementara"
"cmhq7r4z500h8armk9mn67155","2025-10-26T05:00:00.000Z","cmhq7r4jx000carmkd4p0bnmp","HUJAN_SEDANG",28.45634596576556,68.16351065557791,4.200281120069216,"SW",32.73292105512596,"POOR",,,false,"HIGH","Operasi dihentikan sementara"
"cmhq7r4z700haarmkobvaxnxo","2025-10-26T05:00:00.000Z","cmhq7r4jz000darmkcezc3itx","HUJAN_SEDANG",31.47233500806893,65.98277775873389,10.25871917071464,"NE",24.64728176284104,"POOR",,,false,"HIGH","Operasi dihentikan sementara"
"cmhq7r4z800hcarmkhk7wwil7","2025-10-26T05:00:00.000Z","cmhq7r4k0000earmk06jk76ng","HUJAN_SEDANG",31.75200986474998,87.679363034831,6.552030570245125,"W",33.00254166094365,"POOR",,,false,"HIGH","Operasi dihentikan sementara"
"cmhq7r4za00hearmkdvlofud5","2025-10-26T05:00:00.000Z","cmhq7r4k1000farmk5w18co57","HUJAN_SEDANG",29.04275715668732,88.51913729547219,4.175434694180816,"S",23.57167933132002,"POOR",,,false,"HIGH","Operasi dihentikan sementara"
"cmhq7r4zb00hgarmk0alvulje","2025-10-26T11:00:00.000Z","cmhq7r4jv000barmkfddw1hqv","HUJAN_RINGAN",28.5020301480759,81.86471526876795,9.46341606738281,"S",45.5048964847262,"GOOD",,,true,"MEDIUM",
"cmhq7r4zd00hiarmk0jkhe4h4","2025-10-26T11:00:00.000Z","cmhq7r4jx000carmkd4p0bnmp","HUJAN_RINGAN",26.29698526235803,83.19962654968045,7.519815213626142,"N",17.91181184457224,"GOOD",,,true,"MEDIUM",
"cmhq7r4zf00hkarmk8w55kemr","2025-10-26T11:00:00.000Z","cmhq7r4jz000darmkcezc3itx","HUJAN_RINGAN",26.53247309635388,82.50812507836606,7.166341765243622,"N",19.89156072624573,"GOOD",,,true,"MEDIUM",
"cmhq7r4zh00hmarmkm27gjz25","2025-10-26T11:00:00.000Z","cmhq7r4k0000earmk06jk76ng","HUJAN_RINGAN",27.94277840748823,74.47329224229986,4.87588850341631,"S",35.91135923431142,"GOOD",,,true,"MEDIUM",
"cmhq7r4zi00hoarmkihmikstw","2025-10-26T11:00:00.000Z","cmhq7r4k1000farmk5w18co57","HUJAN_RINGAN",27.76512697717381,77.55373773286236,11.61679814046697,"E",47.16801659787064,"GOOD",,,true,"MEDIUM",