"id","loadingPointId","truckId","queueLength","queueStartTime","queueEndTime","waitingTime","timestamp"
"cmhsbk0x60g12maft6nx48hd1","cmhsbjlpj00xemafty94kudlk",,7,"2025-11-08T23:04:02.897Z","2025-11-08T23:05:02.897Z",1,"2025-11-08T23:04:02.897Z"
"cmhsbk0x80g14mafttsexkvxl","cmhsbjlpm00xgmaftq8x6lxxp",,2,"2025-11-09T21:17:42.946Z","2025-11-09T21:35:42.946Z",18,"2025-11-09T21:17:42.946Z"
"cmhsbk0xa0g16maftt8xnsmy2","cmhsbjlpo00ximaftlehikb1x",,5,"2025-11-09T22:23:59.141Z","2025-11-09T22:40:59.141Z",17,"2025-11-09T22:23:59.141Z"
"cmhsbk0xb0g18maftu8pbtk1c","cmhsbjlpq00xkmaftyjbafjsb",,4,"2025-11-09T15:22:27.811Z","2025-11-09T15:28:27.811Z",6,"2025-11-09T15:22:27.811Z"
"cmhsbk0xd0g1amaftns9mt7qi","cmhsbjlps00xmmaftt8r1um20",,6,"2025-11-09T17:37:41.157Z","2025-11-09T17:44:41.157Z",7,"2025-11-09T17:37:41.157Z"
"cmhsbk0xf0g1cmaftuijlgo60","cmhsbjlpu00xomafttdnmrkfs",,8,"2025-11-09T18:31:25.438Z","2025-11-09T18:53:25.438Z",22,"2025-11-09T18:31:25.438Z"
"cmhsbk0xg0g1emaftqogvqqsi","cmhsbjlpv00xqmaft9thiboob",,2,"2025-11-09T07:30:18.500Z","2025-11-09T07:58:18.500Z",28,"2025-11-09T07:30:18.500Z"
"cmhsbk0xi0g1gmaftggiyp4pt","cmhsbjlpx00xsmaftfb7h861x",,1,"2025-11-09T22:01:27.059Z","2025-11-09T22:02:27.059Z",1,"2025-11-09T22:01:27.059Z"
"cmhsbk0xj0g1imaftojyt7deh","cmhsbjlpy00xumaft2ym0513o",,6,"2025-11-09T17:55:48.981Z","2025-11-09T17:57:48.981Z",2,"2025-11-09T17:55:48.981Z"
"cmhsbk0xk0g1kmaftdrkeyjcs","cmhsbjlq000xwmaftvopp6ksu",,7,"2025-11-09T20:15:37.965Z","2025-11-09T20:18:37.965Z",3,"2025-11-09T20:15:37.965Z"
"cmhsbk0xl0g1mmaftjkb776d8","cmhsbjlq100xymaftxcdck91j",,6,"2025-11-09T12:53:31.792Z","2025-11-09T12:59:31.792Z",6,"2025-11-09T12:53:31.792Z"
"cmhsbk0xm0g1omaft5silroxa","cmhsbjlq300y0maftxg2k1fky",,3,"2025-11-09T14:07:27.148Z","2025-11-09T14:18:27.148Z",11,"2025-11-09T14:07:27.148Z"
"cmhsbk0xn0g1qmaft5omwuxrk","cmhsbjlq400y2maft08sv8oqk",,2,"2025-11-09T02:51:27.753Z","2025-11-09T03:11:27.753Z",20,"2025-11-09T02:51:27.753Z"
"cmhsbk0xp0g1smaftx9jzlkh5","cmhsbjlq600y4maftdk7sbeeh",,1,"2025-11-09T06:22:06.110Z","2025-11-09T06:31:06.110Z",9,"2025-11-09T06:22:06.110Z"
"cmhsbk0xq0g1umaftlzrsgp7w","cmhsbjlq800y6maft9seqy59a",,3,"2025-11-09T15:53:04.051Z","2025-11-09T15:59:04.051Z",6,"2025-11-09T15:53:04.051Z"
"cmhsbk0xr0g1wmafthukgnfu7","cmhsbjlqa00y8maft28empg17",,2,"2025-11-09T02:33:07.523Z","2025-11-09T02:41:07.523Z",8,"2025-11-09T02:33:07.523Z"
"cmhsbk0xs0g1ymaftnz228xic","cmhsbjlqb00yamaftjyyn4yns",,7,"2025-11-09T07:09:06.476Z","2025-11-09T07:14:06.476Z",5,"2025-11-09T07:09:06.476Z"
"cmhsbk0xu0g20maftvlgn8rhk","cmhsbjlqc00ycmaftr7zmeap8",,8,"2025-11-09T04:49:09.295Z","2025-11-09T05:08:09.295Z",19,"2025-11-09T04:49:09.295Z"
"cmhsbk0xv0g22maftxay7xz7k","cmhsbjlqe00yemaftv9zrcbs5",,5,"2025-11-09T13:10:40.508Z","2025-11-09T13:18:40.508Z",8,"2025-11-09T13:10:40.508Z"
"cmhsbk0xw0g24maftbrp0rd2d","cmhsbjlqg00ygmaftu2xev107",,5,"2025-11-09T22:01:26.925Z","2025-11-09T22:13:26.925Z",12,"2025-11-09T22:01:26.925Z"
"cmhsbk0xx0g26mafth1ysliun","cmhsbjlqh00yimaftgsycig9r",,2,"2025-11-09T01:03:22.628Z","2025-11-09T01:17:22.628Z",14,"2025-11-09T01:03:22.628Z"
"cmhsbk0xy0g28maft2d7rtdxy","cmhsbjlqi00ykmaftttu23u5p",,8,"2025-11-09T05:25:35.108Z","2025-11-09T05:51:35.108Z",26,"2025-11-09T05:25:35.108Z"
"cmhsbk0xz0g2amaftkd23yc3a","cmhsbjlqk00ymmaftcz09ak1v",,5,"2025-11-09T19:02:36.165Z","2025-11-09T19:04:36.165Z",2,"2025-11-09T19:02:36.165Z"
"cmhsbk0y10g2cmaftcwkp2tqt","cmhsbjlqm00yomaft3gjlrd4u",,1,"2025-11-09T20:08:45.680Z","2025-11-09T20:15:45.680Z",7,"2025-11-09T20:08:45.680Z"
"cmhsbk0y20g2emaft0narsihh","cmhsbjlqo00yqmaft9s31k30g",,4,"2025-11-09T03:17:17.138Z","2025-11-09T03:40:17.138Z",23,"2025-11-09T03:17:17.138Z"
"cmhsbk0y30g2gmaftx0hpqxdf","cmhsbjlqp00ysmafth1ssinze",,2,"2025-11-09T15:48:21.810Z","2025-11-09T16:05:21.810Z",17,"2025-11-09T15:48:21.810Z"
"cmhsbk0y40g2imaftht6ru5l4","cmhsbjlqr00yumaftsmzjfr4r",,7,"2025-11-09T03:01:08.506Z","2025-11-09T03:05:08.506Z",4,"2025-11-09T03:01:08.506Z"
"cmhsbk0y50g2kmaftcxffu7nx","cmhsbjlqs00ywmaft48hxu0zt",,1,"2025-11-09T20:26:10.126Z","2025-11-09T20:30:10.126Z",4,"2025-11-09T20:26:10.126Z"
"cmhsbk0y60g2mmaftr7gzprow","cmhsbjlqu00yymaftu1h3bqu4",,2,"2025-11-09T06:21:59.144Z","2025-11-09T06:46:59.144Z",25,"2025-11-09T06:21:59.144Z"
"cmhsbk0y70g2omaft4u1lq2ft","cmhsbjlqw00z0mafttkc1ai6s",,4,"2025-11-09T20:05:22.989Z","2025-11-09T20:11:22.989Z",6,"2025-11-09T20:05:22.989Z"
"cmhsbk0y80g2qmaftgbhd94va","cmhsbjlqx00z2maftsnzv03yj",,1,"2025-11-08T19:08:40.762Z","2025-11-08T19:27:40.762Z",19,"2025-11-08T19:08:40.762Z"
"cmhsbk0ya0g2smaftc4909vyq","cmhsbjlqz00z4maftezy0jpax",,4,"2025-11-08T13:28:40.465Z","2025-11-08T13:28:40.465Z",0,"2025-11-08T13:28:40.465Z"
"cmhsbk0yb0g2umafti0egocao","cmhsbjlr100z6maftrebim24t",,1,"2025-11-08T20:25:24.771Z","2025-11-08T20:39:24.771Z",14,"2025-11-08T20:25:24.771Z"
"cmhsbk0yd0g2wmaftn3d1l6gg","cmhsbjlr400z8maftbsn8w8cp",,6,"2025-11-08T11:41:28.547Z","2025-11-08T12:09:28.547Z",28,"2025-11-08T11:41:28.547Z"
"cmhsbk0ye0g2ymaftze9qoyjd","cmhsbjlr500zamaftyzp69ry8",,6,"2025-11-08T17:25:29.488Z","2025-11-08T17:32:29.488Z",7,"2025-11-08T17:25:29.488Z"
"cmhsbk0yf0g30maftaxma2kls","cmhsbjlr700zcmaftxy4t99rw",,6,"2025-11-08T08:48:14.063Z","2025-11-08T08:50:14.063Z",2,"2025-11-08T08:48:14.063Z"
"cmhsbk0yg0g32maft3j3yph3s","cmhsbjlr800zemaftyycuuo2d",,3,"2025-11-08T21:24:34.554Z","2025-11-08T21:51:34.554Z",27,"2025-11-08T21:24:34.554Z"
"cmhsbk0yh0g34maftgouxw09v","cmhsbjlra00zgmaft0yh4qlb1",,3,"2025-11-08T09:54:27.940Z","2025-11-08T10:06:27.940Z",12,"2025-11-08T09:54:27.940Z"
"cmhsbk0yi0g36maftt2ju08li","cmhsbjlrb00zimaftp8j4sfnz",,4,"2025-11-08T19:44:59.746Z","2025-11-08T20:05:59.746Z",21,"2025-11-08T19:44:59.746Z"
"cmhsbk0yj0g38maftz5r8i0xm","cmhsbjlrd00zkmaftf9rtvy00",,3,"2025-11-08T21:36:00.976Z","2025-11-08T21:40:00.976Z",4,"2025-11-08T21:36:00.976Z"
"cmhsbk0yk0g3amaftxdclkij7","cmhsbjlre00zmmaft5f0xep13",,2,"2025-11-08T05:08:45.389Z","2025-11-08T05:29:45.389Z",21,"2025-11-08T05:08:45.389Z"
"cmhsbk0yl0g3cmaftyoavlovj","cmhsbjlrg00zomaftiqm41flo",,7,"2025-11-08T17:49:24.623Z","2025-11-08T18:16:24.623Z",27,"2025-11-08T17:49:24.623Z"
"cmhsbk0ym0g3emaftvx1iox6i","cmhsbjlrh00zqmaftqo9m50xi",,2,"2025-11-08T17:41:54.482Z","2025-11-08T17:41:54.482Z",0,"2025-11-08T17:41:54.482Z"
"cmhsbk0yn0g3gmaft1skdue0y","cmhsbjlrk00zsmafthwfisna7",,4,"2025-11-08T12:16:12.284Z","2025-11-08T12:20:12.284Z",4,"2025-11-08T12:16:12.284Z"
"cmhsbk0yp0g3imaftqojme3u5","cmhsbjlrl00zumaft2lnom8d8",,7,"2025-11-08T16:15:14.327Z","2025-11-08T16:30:14.327Z",15,"2025-11-08T16:15:14.327Z"
"cmhsbk0yq0g3kmaftgrmemobz","cmhsbjlrn00zwmaft2ld1085v",,6,"2025-11-08T01:47:41.753Z","2025-11-08T02:00:41.753Z",13,"2025-11-08T01:47:41.753Z"
"cmhsbk0ys0g3mmaftn3hxxl8d","cmhsbjlro00zymaftet7998t1",,8,"2025-11-08T20:21:14.609Z","2025-11-08T20:46:14.609Z",25,"2025-11-08T20:21:14.609Z"
"cmhsbk0yt0g3omaftx1tbjnsa","cmhsbjlrq0100mafttzkyq7to",,8,"2025-11-08T11:40:33.936Z","2025-11-08T12:05:33.936Z",25,"2025-11-08T11:40:33.936Z"
"cmhsbk0yu0g3qmaftbtsc6x27","cmhsbjlrr0102maftx1y6khxe",,2,"2025-11-08T03:15:01.581Z","2025-11-08T03:42:01.581Z",27,"2025-11-08T03:15:01.581Z"
"cmhsbk0yv0g3smaftq5kaetjf","cmhsbjlrt0104mafts4gez292",,8,"2025-11-08T22:34:25.288Z","2025-11-08T22:45:25.288Z",11,"2025-11-08T22:34:25.288Z"
"cmhsbk0yw0g3umaftnbfneiv9","cmhsbjlru0106maft8rq0268i",,4,"2025-11-08T10:29:03.843Z","2025-11-08T10:51:03.843Z",22,"2025-11-08T10:29:03.843Z"
"cmhsbk0yx0g3wmaft9d9kiunn","cmhsbjlrw0108maft3l898k3h",,8,"2025-11-08T03:09:34.915Z","2025-11-08T03:19:34.915Z",10,"2025-11-08T03:09:34.915Z"
"cmhsbk0yz0g3ymaftxswwjbe6","cmhsbjlrx010amaft6lmj67x8",,4,"2025-11-08T00:18:29.785Z","2025-11-08T00:27:29.785Z",9,"2025-11-08T00:18:29.785Z"
"cmhsbk0z00g40maftnt4hgr4t","cmhsbjlrz010cmaftn00omriz",,7,"2025-11-08T11:06:26.534Z","2025-11-08T11:18:26.534Z",12,"2025-11-08T11:06:26.534Z"
"cmhsbk0z10g42maftd1v8c0p6","cmhsbjls1010emaftkdzehcbo",,6,"2025-11-08T21:33:37.381Z","2025-11-08T21:57:37.381Z",24,"2025-11-08T21:33:37.381Z"
"cmhsbk0z20g44maftq2ulsuoj","cmhsbjls2010gmaftqt7hakrs",,1,"2025-11-08T02:14:11.983Z","2025-11-08T02:32:11.983Z",18,"2025-11-08T02:14:11.983Z"
"cmhsbk0z30g46maft1llaaq3t","cmhsbjls4010imaftybtko63i",,5,"2025-11-07T23:23:25.151Z","2025-11-07T23:47:25.151Z",24,"2025-11-07T23:23:25.151Z"
"cmhsbk0z40g48maft9dj24b2l","cmhsbjls6010kmaftljac4og4",,5,"2025-11-08T19:42:08.798Z","2025-11-08T20:10:08.798Z",28,"2025-11-08T19:42:08.798Z"
"cmhsbk0z50g4amaftwydadsgw","cmhsbjls7010mmaftw5j773i9",,8,"2025-11-07T23:41:37.482Z","2025-11-07T23:53:37.482Z",12,"2025-11-07T23:41:37.482Z"
"cmhsbk0z60g4cmaftq1ddukma","cmhsbjls8010omaft18xpu3hc",,2,"2025-11-08T19:55:38.979Z","2025-11-08T20:01:38.979Z",6,"2025-11-08T19:55:38.979Z"
"cmhsbk0z80g4emaft2mfpfova","cmhsbjlsa010qmaftc45mbtdy",,6,"2025-11-06T23:20:14.065Z","2025-11-06T23:29:14.065Z",9,"2025-11-06T23:20:14.065Z"
"cmhsbk0z90g4gmaftr6d6k6mu","cmhsbjlsb010smaftznb22zyz",,4,"2025-11-07T01:40:03.383Z","2025-11-07T02:04:03.383Z",24,"2025-11-07T01:40:03.383Z"
"cmhsbk0za0g4imaft43f31yix","cmhsbjlsd010umaftaxzllga5",,6,"2025-11-07T14:57:33.444Z","2025-11-07T15:22:33.444Z",25,"2025-11-07T14:57:33.444Z"
"cmhsbk0zb0g4kmaftvn6zalfx","cmhsbjlse010wmaftxmal9oye",,5,"2025-11-07T13:45:30.141Z","2025-11-07T13:52:30.141Z",7,"2025-11-07T13:45:30.141Z"
"cmhsbk0zc0g4mmaftvde745sm","cmhsbjlsh010ymaftkjoqmpon",,4,"2025-11-07T06:19:23.104Z","2025-11-07T06:32:23.104Z",13,"2025-11-07T06:19:23.104Z"
"cmhsbk0ze0g4omaftc1ujxhf6","cmhsbjlsj0110maft5iu2isla",,3,"2025-11-07T04:22:39.780Z","2025-11-07T04:47:39.780Z",25,"2025-11-07T04:22:39.780Z"
"cmhsbk0zf0g4qmaftcyk9q2dm","cmhsbjlsl0112maftuwztncfb",,5,"2025-11-07T21:29:19.795Z","2025-11-07T21:56:19.795Z",27,"2025-11-07T21:29:19.795Z"
"cmhsbk0zg0g4smaftpofw47i8","cmhsbjlsm0114maftohdfppxy",,3,"2025-11-07T13:37:50.980Z","2025-11-07T14:05:50.980Z",28,"2025-11-07T13:37:50.980Z"
"cmhsbk0zh0g4umaft858xnyby","cmhsbjlsn0116maft2pvxa4nb",,1,"2025-11-07T11:58:46.201Z","2025-11-07T12:04:46.201Z",6,"2025-11-07T11:58:46.201Z"
"cmhsbk0zi0g4wmaftz8vmytub","cmhsbjlsp0118maftip893f3k",,3,"2025-11-07T00:12:23.337Z","2025-11-07T00:33:23.337Z",21,"2025-11-07T00:12:23.337Z"
"cmhsbk0zj0g4ymaftj73gf0h7","cmhsbjlsq011amaftcjwd0vmj",,2,"2025-11-07T18:58:10.696Z","2025-11-07T19:16:10.696Z",18,"2025-11-07T18:58:10.696Z"
"cmhsbk0zk0g50maftnwvnfic3","cmhsbjlss011cmaft25zwfenp",,1,"2025-11-07T18:48:45.657Z","2025-11-07T19:13:45.657Z",25,"2025-11-07T18:48:45.657Z"
"cmhsbk0zl0g52maftevccleno","cmhsbjlst011emaft5jsj1bt7",,1,"2025-11-07T00:37:54.423Z","2025-11-07T00:47:54.423Z",10,"2025-11-07T00:37:54.423Z"
"cmhsbk0zn0g54maftc0bkxm6o","cmhsbjlsu011gmaft86hxdzm7",,3,"2025-11-07T21:44:33.029Z","2025-11-07T21:57:33.029Z",13,"2025-11-07T21:44:33.029Z"
"cmhsbk0zo0g56maft9x1dzcup","cmhsbjlsw011imafthfqq4av9",,7,"2025-11-07T01:43:04.464Z","2025-11-07T02:12:04.464Z",29,"2025-11-07T01:43:04.464Z"
"cmhsbk0zq0g58maftm4rfezgt","cmhsbjlsy011kmaft4c2x95nr",,3,"2025-11-07T08:47:21.472Z","2025-11-07T08:55:21.472Z",8,"2025-11-07T08:47:21.472Z"
"cmhsbk0zr0g5amaft9g5pkpz7","cmhsbjlt0011mmaftpwsxkt7k",,6,"2025-11-07T05:08:42.528Z","2025-11-07T05:20:42.528Z",12,"2025-11-07T05:08:42.528Z"
"cmhsbk0zs0g5cmaftdr6bsk0i","cmhsbjlt1011omaftvd2675qf",,3,"2025-11-07T03:19:06.258Z","2025-11-07T03:47:06.258Z",28,"2025-11-07T03:19:06.258Z"
"cmhsbk0zt0g5emaftm6abkay9","cmhsbjlt3011qmaftsi5n36kd",,4,"2025-11-07T18:12:52.374Z","2025-11-07T18:17:52.374Z",5,"2025-11-07T18:12:52.374Z"
"cmhsbk0zu0g5gmaftd10f1bwy","cmhsbjlt4011smaftb1edcwgm",,7,"2025-11-07T05:43:11.031Z","2025-11-07T05:44:11.031Z",1,"2025-11-07T05:43:11.031Z"
"cmhsbk0zv0g5imaftynpb5cza","cmhsbjlt6011umaftsolaatq6",,4,"2025-11-07T13:04:05.304Z","2025-11-07T13:17:05.304Z",13,"2025-11-07T13:04:05.304Z"
"cmhsbk0zw0g5kmaftvpliy3zg","cmhsbjlt7011wmaft0wlc0t3z",,5,"2025-11-07T04:13:59.512Z","2025-11-07T04:14:59.512Z",1,"2025-11-07T04:13:59.512Z"
"cmhsbk0zy0g5mmaft24kmlm8b","cmhsbjlt8011ymaftazelnixd",,1,"2025-11-07T02:15:17.142Z","2025-11-07T02:22:17.142Z",7,"2025-11-07T02:15:17.142Z"
"cmhsbk0zz0g5omaftis559fw0","cmhsbjlta0120mafthqqpei8t",,2,"2025-11-07T17:20:00.404Z","2025-11-07T17:45:00.404Z",25,"2025-11-07T17:20:00.404Z"
"cmhsbk1000g5qmaft91wp6uik","cmhsbjltb0122maftccm1jo8q",,4,"2025-11-06T23:03:00.049Z","2025-11-06T23:32:00.049Z",29,"2025-11-06T23:03:00.049Z"
"cmhsbk1010g5smafth74itvs3","cmhsbjltd0124maftmewj7rng",,3,"2025-11-07T12:33:59.870Z","2025-11-07T12:46:59.870Z",13,"2025-11-07T12:33:59.870Z"
"cmhsbk1030g5umaftctypl0sv","cmhsbjltf0126maft7kqzjuqr",,7,"2025-11-07T22:01:46.923Z","2025-11-07T22:10:46.923Z",9,"2025-11-07T22:01:46.923Z"
"cmhsbk1040g5wmaft78feq0up","cmhsbjlth0128maftxxo2rw13",,3,"2025-11-07T21:54:19.769Z","2025-11-07T22:11:19.769Z",17,"2025-11-07T21:54:19.769Z"
"cmhsbk1050g5ymaftqybocxvr","cmhsbjltj012amaftdkf4vpop",,6,"2025-11-07T19:09:43.358Z","2025-11-07T19:35:43.358Z",26,"2025-11-07T19:09:43.358Z"
"cmhsbk1070g60maftk9gcw771","cmhsbjltk012cmaftvh3giafg",,4,"2025-11-07T15:33:10.903Z","2025-11-07T15:48:10.903Z",15,"2025-11-07T15:33:10.903Z"
"cmhsbk1080g62maftldj3i93a","cmhsbjltl012emaft4lt61r1s",,6,"2025-11-06T11:06:47.522Z","2025-11-06T11:25:47.522Z",19,"2025-11-06T11:06:47.522Z"
"cmhsbk1090g64maftegss9eac","cmhsbjltn012gmaftttnx83z6",,7,"2025-11-06T18:25:57.864Z","2025-11-06T18:31:57.864Z",6,"2025-11-06T18:25:57.864Z"
"cmhsbk10a0g66maft7i3hnmoh","cmhsbjlto012imaftedyqdrgo",,5,"2025-11-06T03:06:52.827Z","2025-11-06T03:13:52.827Z",7,"2025-11-06T03:06:52.827Z"
"cmhsbk10b0g68maftxwtt1e7x","cmhsbjltq012kmaftghfcibqf",,7,"2025-11-06T03:36:57.421Z","2025-11-06T04:04:57.421Z",28,"2025-11-06T03:36:57.421Z"
"cmhsbk10c0g6amaft2nrrd8r9","cmhsbjltr012mmaftdrrjf442",,2,"2025-11-06T06:44:29.659Z","2025-11-06T06:53:29.659Z",9,"2025-11-06T06:44:29.659Z"
"cmhsbk10e0g6cmaftxajhr441","cmhsbjltt012omaft9gyjser9",,7,"2025-11-06T05:33:55.003Z","2025-11-06T05:37:55.003Z",4,"2025-11-06T05:33:55.003Z"
"cmhsbk10f0g6emaftkohivsv5","cmhsbjltv012qmaft3n0rgjwj",,7,"2025-11-06T05:13:15.401Z","2025-11-06T05:18:15.401Z",5,"2025-11-06T05:13:15.401Z"
"cmhsbk10g0g6gmaftm6ijqe7h","cmhsbjltx012smaft8isgl1nf",,4,"2025-11-06T07:58:29.886Z","2025-11-06T08:06:29.886Z",8,"2025-11-06T07:58:29.886Z"
"cmhsbk10h0g6imaftmb3w7egd","cmhsbjltz012umaft7y8ymdmb",,7,"2025-11-06T18:25:48.554Z","2025-11-06T18:52:48.554Z",27,"2025-11-06T18:25:48.554Z"
"cmhsbk10i0g6kmaftzxruje7k","cmhsbjlu0012wmaft2uwyacce",,4,"2025-11-06T17:21:17.985Z","2025-11-06T17:22:17.985Z",1,"2025-11-06T17:21:17.985Z"
"cmhsbk10j0g6mmafta962362q","cmhsbjlu1012ymaftdu8hvw2k",,3,"2025-11-06T04:29:59.722Z","2025-11-06T04:55:59.722Z",26,"2025-11-06T04:29:59.722Z"
"cmhsbk10l0g6omaftfgsbytje","cmhsbjlu30130maftcnc491v3",,2,"2025-11-06T13:22:30.408Z","2025-11-06T13:48:30.408Z",26,"2025-11-06T13:22:30.408Z"
"cmhsbk10m0g6qmaftq0vvsekx","cmhsbjlu50132maftudv8tuwc",,6,"2025-11-06T14:22:36.628Z","2025-11-06T14:22:36.628Z",0,"2025-11-06T14:22:36.628Z"
"cmhsbk10o0g6smaftipjcmbk9","cmhsbjlu60134maftfuucpcb1",,5,"2025-11-06T07:36:24.257Z","2025-11-06T07:55:24.257Z",19,"2025-11-06T07:36:24.257Z"
"cmhsbk10p0g6umaftu03kua9d","cmhsbjlu80136maftsh73uh04",,3,"2025-11-06T08:01:14.533Z","2025-11-06T08:09:14.533Z",8,"2025-11-06T08:01:14.533Z"
"cmhsbk10q0g6wmaftkzt8vxav","cmhsbjlu90138maftwyqdhlxv",,2,"2025-11-06T19:00:42.014Z","2025-11-06T19:02:42.014Z",2,"2025-11-06T19:00:42.014Z"
"cmhsbk10r0g6ymaftk7qnds1i","cmhsbjlub013amaftgucf7al4",,8,"2025-11-06T22:25:09.152Z","2025-11-06T22:47:09.152Z",22,"2025-11-06T22:25:09.152Z"
"cmhsbk10s0g70mafttciyjqhw","cmhsbjlud013cmaftqry72g2m",,8,"2025-11-06T22:04:38.999Z","2025-11-06T22:10:38.999Z",6,"2025-11-06T22:04:38.999Z"
"cmhsbk10t0g72mafttiee8s9r","cmhsbjluf013emaftkt5utajq",,3,"2025-11-06T10:50:20.444Z","2025-11-06T11:02:20.444Z",12,"2025-11-06T10:50:20.444Z"
"cmhsbk10u0g74maftfwclx5tt","cmhsbjlug013gmafti8iqkx7r",,2,"2025-11-06T12:26:18.297Z","2025-11-06T12:38:18.297Z",12,"2025-11-06T12:26:18.297Z"
"cmhsbk10v0g76maftowkzokid","cmhsbjlui013imaftp28oht45",,3,"2025-11-06T14:18:33.138Z","2025-11-06T14:47:33.138Z",29,"2025-11-06T14:18:33.138Z"
"cmhsbk10w0g78maft0xa2r1rj","cmhsbjluj013kmaftr6dujp4i",,8,"2025-11-06T14:12:12.618Z","2025-11-06T14:28:12.618Z",16,"2025-11-06T14:12:12.618Z"
"cmhsbk10y0g7amaftys4dhj42","cmhsbjluk013mmaft06pgufrg",,1,"2025-11-06T07:49:44.916Z","2025-11-06T08:03:44.916Z",14,"2025-11-06T07:49:44.916Z"
"cmhsbk10z0g7cmaftxvyq1sr6","cmhsbjlum013omafts9vvd3ka",,3,"2025-11-06T17:08:11.076Z","2025-11-06T17:24:11.076Z",16,"2025-11-06T17:08:11.076Z"
"cmhsbk1100g7emaftwhxfmfj3","cmhsbjlun013qmaft678prk57",,2,"2025-11-06T16:36:07.773Z","2025-11-06T16:38:07.773Z",2,"2025-11-06T16:36:07.773Z"
"cmhsbk1110g7gmaftwdbls29k","cmhsbjlup013smaft3r9p5g3f",,1,"2025-11-06T21:33:26.096Z","2025-11-06T21:45:26.096Z",12,"2025-11-06T21:33:26.096Z"
"cmhsbk1120g7imaft6tccqfbi","cmhsbjluq013umaftgx959w9c",,3,"2025-11-06T16:56:42.131Z","2025-11-06T17:13:42.131Z",17,"2025-11-06T16:56:42.131Z"
"cmhsbk1140g7kmaft7s8r00ww","cmhsbjlus013wmaftq2cg4joj",,3,"2025-11-06T13:45:00.645Z","2025-11-06T14:00:00.645Z",15,"2025-11-06T13:45:00.645Z"
"cmhsbk1150g7mmaft6i9f1s9d","cmhsbjluu013ymaftswqhr53g",,6,"2025-11-06T12:01:48.699Z","2025-11-06T12:14:48.699Z",13,"2025-11-06T12:01:48.699Z"
"cmhsbk1160g7omaftrnd98abg","cmhsbjluw0140maft3bhtrn8o",,7,"2025-11-06T08:14:40.712Z","2025-11-06T08:19:40.712Z",5,"2025-11-06T08:14:40.712Z"
"cmhsbk1170g7qmaft7em33a8w","cmhsbjlux0142maftrvugymtr",,5,"2025-11-05T14:37:46.891Z","2025-11-05T15:06:46.891Z",29,"2025-11-05T14:37:46.891Z"
"cmhsbk1180g7smaftz677luiq","cmhsbjluy0144maft5cqjfxao",,8,"2025-11-05T01:41:07.679Z","2025-11-05T02:04:07.679Z",23,"2025-11-05T01:41:07.679Z"
"cmhsbk11a0g7umaftkj4s1l1p","cmhsbjlv00146maftgajyrxa4",,8,"2025-11-05T20:05:30.762Z","2025-11-05T20:06:30.762Z",1,"2025-11-05T20:05:30.762Z"
"cmhsbk11b0g7wmaft9aylts2t","cmhsbjlv20148maft0xxuiq2a",,8,"2025-11-05T16:12:54.173Z","2025-11-05T16:22:54.173Z",10,"2025-11-05T16:12:54.173Z"
"cmhsbk11c0g7ymaftr5w7gn1m","cmhsbjlv3014amaftrd0jbhn7",,3,"2025-11-05T13:58:11.218Z","2025-11-05T14:07:11.218Z",9,"2025-11-05T13:58:11.218Z"
"cmhsbk11d0g80maftrw5nipcq","cmhsbjlv4014cmaft15z0vh9q",,4,"2025-11-05T08:31:18.163Z","2025-11-05T08:49:18.163Z",18,"2025-11-05T08:31:18.163Z"
"cmhsbk11e0g82maft0xn05dlq","cmhsbjlv6014emaftmwtc3gmn",,1,"2025-11-05T01:00:17.770Z","2025-11-05T01:18:17.770Z",18,"2025-11-05T01:00:17.770Z"
"cmhsbk11f0g84maft49gp3zwk","cmhsbjlv8014gmaftkqffjilr",,3,"2025-11-04T23:57:47.754Z","2025-11-05T00:09:47.754Z",12,"2025-11-04T23:57:47.754Z"
"cmhsbk11g0g86maftbhzto8lg","cmhsbjlva014imaftttu4b2fx",,2,"2025-11-05T03:48:00.047Z","2025-11-05T04:02:00.047Z",14,"2025-11-05T03:48:00.047Z"
"cmhsbk11h0g88maftqg2eiogl","cmhsbjlvc014kmaft0d0rd5iz",,2,"2025-11-05T08:46:35.203Z","2025-11-05T08:53:35.203Z",7,"2025-11-05T08:46:35.203Z"
"cmhsbk11i0g8amaftkto3p267","cmhsbjlvd014mmaftf25fu384",,6,"2025-11-05T13:33:04.947Z","2025-11-05T13:46:04.947Z",13,"2025-11-05T13:33:04.947Z"
"cmhsbk11k0g8cmaft7es19pog","cmhsbjlvf014omaftsq6d4v6s",,3,"2025-11-05T15:34:51.569Z","2025-11-05T15:40:51.569Z",6,"2025-11-05T15:34:51.569Z"
"cmhsbk11l0g8emaftkfizjr2q","cmhsbjlvg014qmaftikntl435",,8,"2025-11-05T03:48:50.785Z","2025-11-05T04:07:50.785Z",19,"2025-11-05T03:48:50.785Z"
"cmhsbk11m0g8gmaft1cfb6shm","cmhsbjlvi014smaftdj3era4p",,1,"2025-11-05T00:34:43.512Z","2025-11-05T00:54:43.512Z",20,"2025-11-05T00:34:43.512Z"
"cmhsbk11o0g8imaftrymisxdv","cmhsbjlvj014umaftxmo3fhl0",,3,"2025-11-05T15:41:07.329Z","2025-11-05T15:48:07.329Z",7,"2025-11-05T15:41:07.329Z"
"cmhsbk11p0g8kmaftw40rq5ea","cmhsbjlvk014wmaftinf7k5k6",,4,"2025-11-05T14:46:58.342Z","2025-11-05T15:07:58.342Z",21,"2025-11-05T14:46:58.342Z"
"cmhsbk11q0g8mmaft86c2zl2s","cmhsbjlvm014ymaftjvf2fhx0",,3,"2025-11-05T04:02:59.095Z","2025-11-05T04:02:59.095Z",0,"2025-11-05T04:02:59.095Z"
"cmhsbk11r0g8omaftcmd4pofo","cmhsbjlvo0150maft10xgf5on",,1,"2025-11-05T13:46:15.386Z","2025-11-05T13:56:15.386Z",10,"2025-11-05T13:46:15.386Z"
"cmhsbk11s0g8qmaftc54264y6","cmhsbjlvq0152maft11cf3q3x",,6,"2025-11-05T18:21:43.562Z","2025-11-05T18:21:43.562Z",0,"2025-11-05T18:21:43.562Z"
"cmhsbk11t0g8smafttl7fvnws","cmhsbjlvr0154maftyn12boxl",,7,"2025-11-05T06:57:11.997Z","2025-11-05T06:57:11.997Z",0,"2025-11-05T06:57:11.997Z"
"cmhsbk11u0g8umaftti83o4dk","cmhsbjlvt0156maftsa51mjo7",,2,"2025-11-05T13:47:52.527Z","2025-11-05T14:08:52.527Z",21,"2025-11-05T13:47:52.527Z"
"cmhsbk11v0g8wmaftulvzfec7","cmhsbjlvu0158maft0wjxqbpa",,2,"2025-11-05T06:20:34.372Z","2025-11-05T06:45:34.372Z",25,"2025-11-05T06:20:34.372Z"
"cmhsbk11w0g8ymaft0ov8rsdm","cmhsbjlvw015amafty6x8phyz",,8,"2025-11-05T07:30:34.860Z","2025-11-05T07:32:34.860Z",2,"2025-11-05T07:30:34.860Z"
"cmhsbk11x0g90mafte86krng4","cmhsbjlvx015cmaft1uimdrvo",,1,"2025-11-05T21:02:02.575Z","2025-11-05T21:25:02.575Z",23,"2025-11-05T21:02:02.575Z"
"cmhsbk11z0g92maftqtbdpn3c","cmhsbjlvy015emaftjpqrsj0f",,8,"2025-11-05T04:29:53.293Z","2025-11-05T04:45:53.293Z",16,"2025-11-05T04:29:53.293Z"
"cmhsbk1210g94maft65wa5ax6","cmhsbjlw0015gmafto61zoezq",,1,"2025-11-05T02:45:00.993Z","2025-11-05T02:55:00.993Z",10,"2025-11-05T02:45:00.993Z"
"cmhsbk1220g96maftw5vwceen","cmhsbjlw1015imaftdxwx27i1",,3,"2025-11-05T10:48:53.047Z","2025-11-05T11:03:53.047Z",15,"2025-11-05T10:48:53.047Z"
"cmhsbk1230g98maftw2998i4e","cmhsbjlw3015kmaft35m6mxjh",,2,"2025-11-05T13:59:11.833Z","2025-11-05T14:04:11.833Z",5,"2025-11-05T13:59:11.833Z"
"cmhsbk1240g9amaft21xvg5gu","cmhsbjlw4015mmaft6dt4t9jd",,3,"2025-11-05T08:56:29.703Z","2025-11-05T09:23:29.703Z",27,"2025-11-05T08:56:29.703Z"
"cmhsbk1250g9cmaftmc1zheyg","cmhsbjlw6015omafty4162xc5",,8,"2025-11-05T18:59:41.203Z","2025-11-05T19:25:41.203Z",26,"2025-11-05T18:59:41.203Z"
"cmhsbk1260g9emaftp94qekpt","cmhsbjlw8015qmaftf6n67wiu",,4,"2025-11-04T08:52:54.162Z","2025-11-04T09:16:54.162Z",24,"2025-11-04T08:52:54.162Z"
"cmhsbk1280g9gmaft4ubz792k","cmhsbjlw9015smaftbo9la960",,4,"2025-11-04T02:59:42.164Z","2025-11-04T03:16:42.164Z",17,"2025-11-04T02:59:42.164Z"
"cmhsbk1290g9imaft2aj27xio","cmhsbjlwb015umafts0a47jn9",,4,"2025-11-04T09:58:30.908Z","2025-11-04T10:26:30.908Z",28,"2025-11-04T09:58:30.908Z"
"cmhsbk12a0g9kmaftpxfjq32t","cmhsbjlwc015wmaft1aws04gp",,1,"2025-11-04T09:23:13.142Z","2025-11-04T09:28:13.142Z",5,"2025-11-04T09:23:13.142Z"
"cmhsbk12b0g9mmaftx4cbn8gi","cmhsbjlwd015ymaftp8ma8hxw",,7,"2025-11-04T05:02:55.369Z","2025-11-04T05:26:55.369Z",24,"2025-11-04T05:02:55.369Z"
"cmhsbk12c0g9omaft9il7sjz1","cmhsbjlwf0160maft13p6barn",,1,"2025-11-04T07:39:53.850Z","2025-11-04T07:55:53.850Z",16,"2025-11-04T07:39:53.850Z"
"cmhsbk12d0g9qmaft39hivuus","cmhsbjlwg0162maft10rewj4w",,3,"2025-11-04T14:31:16.173Z","2025-11-04T14:53:16.173Z",22,"2025-11-04T14:31:16.173Z"
"cmhsbk12f0g9smaftimybclc7","cmhsbjlwi0164maftc5dy3nvh",,4,"2025-11-04T00:04:28.568Z","2025-11-04T00:15:28.568Z",11,"2025-11-04T00:04:28.568Z"
"cmhsbk12g0g9umaft5lkp49e3","cmhsbjlwj0166maft385zbzuc",,5,"2025-11-04T06:17:15.872Z","2025-11-04T06:35:15.872Z",18,"2025-11-04T06:17:15.872Z"
"cmhsbk12i0g9wmaftdf2scvkz","cmhsbjlwl0168maft91heeoq8",,7,"2025-11-04T18:21:07.825Z","2025-11-04T18:48:07.825Z",27,"2025-11-04T18:21:07.825Z"
"cmhsbk12j0g9ymafte0idp26e","cmhsbjlwn016amaftlbnfozle",,3,"2025-11-04T18:30:05.553Z","2025-11-04T18:32:05.553Z",2,"2025-11-04T18:30:05.553Z"
"cmhsbk12k0ga0mafttd1682fd","cmhsbjlwo016cmaftfvtv5689",,1,"2025-11-04T04:49:43.014Z","2025-11-04T05:17:43.014Z",28,"2025-11-04T04:49:43.014Z"
"cmhsbk12l0ga2maftb273kmim","cmhsbjlwq016emaftd2lyoxcz",,7,"2025-11-04T12:01:38.972Z","2025-11-04T12:25:38.972Z",24,"2025-11-04T12:01:38.972Z"
"cmhsbk12m0ga4maftt2pc2olx","cmhsbjlwr016gmaftbtxz2uy8",,5,"2025-11-04T21:54:52.538Z","2025-11-04T22:15:52.538Z",21,"2025-11-04T21:54:52.538Z"
"cmhsbk12o0ga6maft8b4ok663","cmhsbjlwt016imaftamhyeqvj",,2,"2025-11-04T00:35:34.815Z","2025-11-04T00:40:34.815Z",5,"2025-11-04T00:35:34.815Z"
"cmhsbk12p0ga8maft3ayd5z2j","cmhsbjlwu016kmaft601axs4y",,2,"2025-11-04T00:49:28.140Z","2025-11-04T01:02:28.140Z",13,"2025-11-04T00:49:28.140Z"
"cmhsbk12q0gaamaftosbdeonb","cmhsbjlww016mmaftu86duttv",,2,"2025-11-04T12:08:22.033Z","2025-11-04T12:18:22.033Z",10,"2025-11-04T12:08:22.033Z"
"cmhsbk12r0gacmaftr3czyej3","cmhsbjlwx016omaftlwqin1n3",,4,"2025-11-04T15:20:41.026Z","2025-11-04T15:22:41.026Z",2,"2025-11-04T15:20:41.026Z"
"cmhsbk12s0gaemaft5rbpjlzm","cmhsbjlwy016qmaft214bwfre",,1,"2025-11-04T11:54:13.311Z","2025-11-04T12:07:13.311Z",13,"2025-11-04T11:54:13.311Z"
"cmhsbk12t0gagmafthiszxacj","cmhsbjlx0016smaftophojgpj",,8,"2025-11-04T02:32:33.803Z","2025-11-04T02:54:33.803Z",22,"2025-11-04T02:32:33.803Z"
"cmhsbk12u0gaimaft6sxxdhpp","cmhsbjlx1016umaft3brhigv8",,7,"2025-11-04T19:58:42.750Z","2025-11-04T19:58:42.750Z",0,"2025-11-04T19:58:42.750Z"
"cmhsbk12w0gakmaftd08thj02","cmhsbjlx4016wmaft7wkfp3df",,8,"2025-11-04T20:59:55.190Z","2025-11-04T21:04:55.190Z",5,"2025-11-04T20:59:55.190Z"
"cmhsbk12x0gammaftrjd714qn","cmhsbjlx5016ymaftx9x4ljui",,2,"2025-11-04T03:56:45.300Z","2025-11-04T04:02:45.300Z",6,"2025-11-04T03:56:45.300Z"
"cmhsbk12z0gaomaftpv3fr5it","cmhsbjlx70170maftu92wy7bi",,5,"2025-11-04T16:22:01.729Z","2025-11-04T16:50:01.729Z",28,"2025-11-04T16:22:01.729Z"
"cmhsbk1300gaqmaftmi2eu963","cmhsbjlx80172maftjule9ait",,6,"2025-11-04T16:46:45.225Z","2025-11-04T17:01:45.225Z",15,"2025-11-04T16:46:45.225Z"
"cmhsbk1310gasmaft35zccgcg","cmhsbjlxa0174maftebuh1j04",,4,"2025-11-04T05:08:45.712Z","2025-11-04T05:32:45.712Z",24,"2025-11-04T05:08:45.712Z"
"cmhsbk1320gaumaftvlja48x0","cmhsbjlxb0176maftuvchb8pg",,7,"2025-11-04T02:18:02.484Z","2025-11-04T02:36:02.484Z",18,"2025-11-04T02:18:02.484Z"
"cmhsbk1330gawmaftk16gt0gw","cmhsbjlxd0178maftdcs80jdf",,1,"2025-11-04T18:44:41.990Z","2025-11-04T19:04:41.990Z",20,"2025-11-04T18:44:41.990Z"
"cmhsbk1340gaymaftytfaxwpj","cmhsbjlxe017amaftna6w6p23",,5,"2025-11-04T09:32:50.862Z","2025-11-04T09:47:50.862Z",15,"2025-11-04T09:32:50.862Z"
"cmhsbk1350gb0maft2e3qfbbg","cmhsbjlxf017cmaft2486c720",,5,"2025-11-04T07:04:19.437Z","2025-11-04T07:33:19.437Z",29,"2025-11-04T07:04:19.437Z"
"cmhsbk1360gb2mafts7ufkumd","cmhsbjlxh017emaftuxqwnci2",,6,"2025-11-03T18:19:17.247Z","2025-11-03T18:36:17.247Z",17,"2025-11-03T18:19:17.247Z"
"cmhsbk1380gb4mafttx8ohdau","cmhsbjlxi017gmaft6rqat7tn",,2,"2025-11-03T08:42:21.977Z","2025-11-03T09:05:21.977Z",23,"2025-11-03T08:42:21.977Z"
"cmhsbk1390gb6maft27nez4pz","cmhsbjlxk017imaftq56u50cs",,1,"2025-11-03T06:38:19.235Z","2025-11-03T06:55:19.235Z",17,"2025-11-03T06:38:19.235Z"
"cmhsbk13a0gb8maft4m0p7hoi","cmhsbjlxm017kmaftyg7me8xx",,1,"2025-11-03T15:16:20.550Z","2025-11-03T15:34:20.550Z",18,"2025-11-03T15:16:20.550Z"
"cmhsbk13b0gbamaftradpqufa","cmhsbjlxo017mmaft50wojzed",,1,"2025-11-03T10:07:52.462Z","2025-11-03T10:17:52.462Z",10,"2025-11-03T10:07:52.462Z"
"cmhsbk13c0gbcmaftoxiz4z8q","cmhsbjlxp017omaft2264csew",,8,"2025-11-03T12:15:47.752Z","2025-11-03T12:24:47.752Z",9,"2025-11-03T12:15:47.752Z"
"cmhsbk13d0gbemaft99qfrrpb","cmhsbjlxq017qmaftor794cx4",,3,"2025-11-03T11:34:33.701Z","2025-11-03T11:48:33.701Z",14,"2025-11-03T11:34:33.701Z"
"cmhsbk13f0gbgmafti3l6n246","cmhsbjlxs017smaft5et5e7ag",,1,"2025-11-03T14:55:35.477Z","2025-11-03T15:00:35.477Z",5,"2025-11-03T14:55:35.477Z"
"cmhsbk13g0gbimaftt07ditdu","cmhsbjlxt017umaftt80c831h",,2,"2025-11-03T14:17:14.765Z","2025-11-03T14:18:14.765Z",1,"2025-11-03T14:17:14.765Z"
"cmhsbk13h0gbkmaftihqy9f5u","cmhsbjlxv017wmaftfv3bv25z",,2,"2025-11-03T03:49:54.735Z","2025-11-03T03:56:54.735Z",7,"2025-11-03T03:49:54.735Z"
"cmhsbk13i0gbmmaft9gvlu6db","cmhsbjlxw017ymaftm79d3ul0",,1,"2025-11-03T17:32:13.003Z","2025-11-03T17:40:13.003Z",8,"2025-11-03T17:32:13.003Z"
"cmhsbk13j0gbomafth8jnyz11","cmhsbjlxy0180maftyfwl9twp",,2,"2025-11-03T00:50:40.653Z","2025-11-03T01:07:40.653Z",17,"2025-11-03T00:50:40.653Z"
"cmhsbk13k0gbqmaftc2j7cw2f","cmhsbjlxz0182maftweauq1ea",,6,"2025-11-03T03:03:45.423Z","2025-11-03T03:15:45.423Z",12,"2025-11-03T03:03:45.423Z"
"cmhsbk13l0gbsmaft6qm0gqhw","cmhsbjly10184mafthzcsc126",,1,"2025-11-03T21:38:27.108Z","2025-11-03T21:44:27.108Z",6,"2025-11-03T21:38:27.108Z"
"cmhsbk13m0gbumaftjzq4l0f7","cmhsbjly30186maft042uavpl",,4,"2025-11-03T17:56:16.721Z","2025-11-03T17:58:16.721Z",2,"2025-11-03T17:56:16.721Z"
"cmhsbk13o0gbwmafty50525x4","cmhsbjly50188maftz7cqj3ta",,7,"2025-11-03T16:02:48.238Z","2025-11-03T16:29:48.238Z",27,"2025-11-03T16:02:48.238Z"
"cmhsbk13p0gbymaftziyb1y4e","cmhsbjly6018amaftx4epnhgp",,3,"2025-11-03T14:30:05.140Z","2025-11-03T14:52:05.140Z",22,"2025-11-03T14:30:05.140Z"
"cmhsbk13q0gc0mafttsn7z36c","cmhsbjly7018cmaftef5ethx8",,2,"2025-11-03T14:05:43.448Z","2025-11-03T14:20:43.448Z",15,"2025-11-03T14:05:43.448Z"
"cmhsbk13r0gc2maftvrkhyqu4","cmhsbjly9018emaftnmvjh5wf",,2,"2025-11-03T02:30:13.163Z","2025-11-03T02:39:13.163Z",9,"2025-11-03T02:30:13.163Z"
"cmhsbk13s0gc4maftvqr5jf2k","cmhsbjlya018gmaftmaun482f",,7,"2025-11-03T10:18:11.247Z","2025-11-03T10:36:11.247Z",18,"2025-11-03T10:18:11.247Z"
"cmhsbk13t0gc6maftxdncsdcm","cmhsbjlyc018imaftzkg04yi4",,7,"2025-11-03T07:20:27.513Z","2025-11-03T07:49:27.513Z",29,"2025-11-03T07:20:27.513Z"
"cmhsbk13v0gc8maft2d6ifm0j","cmhsbjlyd018kmaftsa453gke",,3,"2025-11-03T02:53:39.549Z","2025-11-03T03:04:39.549Z",11,"2025-11-03T02:53:39.549Z"
"cmhsbk13w0gcamaftg5l1k3eh","cmhsbjlye018mmaftz93m6vd2",,1,"2025-11-03T10:39:42.016Z","2025-11-03T11:00:42.016Z",21,"2025-11-03T10:39:42.016Z"
"cmhsbk13x0gccmaftyjjwtwuu","cmhsbjlyg018omaftpahcw120",,6,"2025-11-03T03:45:50.476Z","2025-11-03T03:46:50.476Z",1,"2025-11-03T03:45:50.476Z"
"cmhsbk13y0gcemaft91cakkae","cmhsbjlyi018qmaftp9djibnq",,8,"2025-11-03T11:34:18.354Z","2025-11-03T11:58:18.354Z",24,"2025-11-03T11:34:18.354Z"
"cmhsbk13z0gcgmaftxfd3qk3n","cmhsbjlyk018smaftunt7kpqm",,2,"2025-11-03T19:51:23.781Z","2025-11-03T20:09:23.781Z",18,"2025-11-03T19:51:23.781Z"
"cmhsbk1400gcimaftzfgm2nzv","cmhsbjlyl018umaftakdm5ik5",,2,"2025-11-03T11:42:12.098Z","2025-11-03T11:57:12.098Z",15,"2025-11-03T11:42:12.098Z"
"cmhsbk1420gckmaft34rjtyks","cmhsbjlyn018wmaftijeghb7k",,7,"2025-11-03T08:16:50.604Z","2025-11-03T08:20:50.604Z",4,"2025-11-03T08:16:50.604Z"
"cmhsbk1430gcmmaftknt835lk","cmhsbjlyo018ymaft04ap41en",,2,"2025-11-03T11:53:54.910Z","2025-11-03T12:18:54.910Z",25,"2025-11-03T11:53:54.910Z"
"cmhsbk1440gcomafte2mh7yr7","cmhsbjlyq0190mafto537s5tb",,8,"2025-11-03T06:32:28.520Z","2025-11-03T07:01:28.520Z",29,"2025-11-03T06:32:28.520Z"
"cmhsbk1450gcqmaftgsvpspek","cmhsbjlyr0192maft26v4mgew",,3,"2025-11-02T13:59:42.456Z","2025-11-02T14:07:42.456Z",8,"2025-11-02T13:59:42.456Z"
"cmhsbk1460gcsmaft75zvbvet","cmhsbjlys0194maft16e8qevi",,8,"2025-11-02T10:55:14.334Z","2025-11-02T10:55:14.334Z",0,"2025-11-02T10:55:14.334Z"
"cmhsbk1470gcumaftiwjm9sgp","cmhsbjlyu0196maftm81evwpz",,4,"2025-11-02T09:12:13.074Z","2025-11-02T09:28:13.074Z",16,"2025-11-02T09:12:13.074Z"
"cmhsbk1480gcwmaftnz7bwwb0","cmhsbjlyv0198maft65lgmgmo",,2,"2025-11-02T03:39:23.423Z","2025-11-02T03:41:23.423Z",2,"2025-11-02T03:39:23.423Z"
"cmhsbk14a0gcymaftq7jooozu","cmhsbjlyx019amaftgc1pnd7b",,6,"2025-11-02T02:35:57.620Z","2025-11-02T02:37:57.620Z",2,"2025-11-02T02:35:57.620Z"
"cmhsbk14b0gd0maftw90dqxfe","cmhsbjlyz019cmafta8121q88",,1,"2025-11-02T23:00:01.961Z","2025-11-02T23:28:01.961Z",28,"2025-11-02T23:00:01.961Z"
"cmhsbk14c0gd2maft7rovtqfd","cmhsbjlz1019emaftoa47g031",,4,"2025-11-02T18:53:16.085Z","2025-11-02T19:16:16.085Z",23,"2025-11-02T18:53:16.085Z"
"cmhsbk14e0gd4maft8amlytwj","cmhsbjlz2019gmaftcjzy987o",,5,"2025-11-02T20:03:46.340Z","2025-11-02T20:03:46.340Z",0,"2025-11-02T20:03:46.340Z"
"cmhsbk14f0gd6maftl6x86lj3","cmhsbjlz4019imaft2vmjmorg",,4,"2025-11-02T04:37:39.423Z","2025-11-02T04:47:39.423Z",10,"2025-11-02T04:37:39.423Z"
"cmhsbk14g0gd8maftfl7gpsv7","cmhsbjlz5019kmaft2qjgqxmb",,2,"2025-11-02T08:06:44.989Z","2025-11-02T08:33:44.989Z",27,"2025-11-02T08:06:44.989Z"
"cmhsbk14h0gdamafthgtlq6q1","cmhsbjlz7019mmaft7ya7x5g0",,4,"2025-11-02T08:26:40.229Z","2025-11-02T08:46:40.229Z",20,"2025-11-02T08:26:40.229Z"
"cmhsbk14i0gdcmaftne6amou2","cmhsbjlz8019omaftcicyql7h",,4,"2025-11-02T11:40:10.152Z","2025-11-02T11:43:10.152Z",3,"2025-11-02T11:40:10.152Z"
"cmhsbk14j0gdemaft8gm46sve","cmhsbjlza019qmaft7309zz8k",,2,"2025-11-02T17:58:28.142Z","2025-11-02T18:20:28.142Z",22,"2025-11-02T17:58:28.142Z"
"cmhsbk14k0gdgmaftfidt3mmq","cmhsbjlzb019smaftcbs6u5dz",,4,"2025-11-02T01:43:18.696Z","2025-11-02T02:03:18.696Z",20,"2025-11-02T01:43:18.696Z"
"cmhsbk14l0gdimaft17ou6g5h","cmhsbjlzd019umaft761l1p22",,5,"2025-11-02T07:00:21.661Z","2025-11-02T07:24:21.661Z",24,"2025-11-02T07:00:21.661Z"
"cmhsbk14m0gdkmaftk8capsfp","cmhsbjlzf019wmaftuefjbvvq",,3,"2025-11-02T18:57:08.922Z","2025-11-02T19:14:08.922Z",17,"2025-11-02T18:57:08.922Z"
"cmhsbk14n0gdmmaft4rtxgen9","cmhsbjlzh019ymaftaukiup2a",,1,"2025-11-02T07:35:27.153Z","2025-11-02T07:53:27.153Z",18,"2025-11-02T07:35:27.153Z"
"cmhsbk14o0gdomaftd12s459u","cmhsbjlzi01a0maftrw7601b2",,6,"2025-11-02T03:47:40.154Z","2025-11-02T03:53:40.154Z",6,"2025-11-02T03:47:40.154Z"
"cmhsbk14p0gdqmafti2h2sh1a","cmhsbjlzk01a2maft7bohp9e7",,8,"2025-11-02T08:58:35.942Z","2025-11-02T09:04:35.942Z",6,"2025-11-02T08:58:35.942Z"
"cmhsbk14r0gdsmaft2o3ji146","cmhsbjlzl01a4maftdddlkm83",,6,"2025-11-02T03:55:02.271Z","2025-11-02T04:02:02.271Z",7,"2025-11-02T03:55:02.271Z"
"cmhsbk14s0gdumaftwtjzzi5i","cmhsbjlzn01a6maftzb96bnkj",,6,"2025-11-02T11:15:04.030Z","2025-11-02T11:18:04.030Z",3,"2025-11-02T11:15:04.030Z"
"cmhsbk14u0gdwmaft3yceh9aj","cmhsbjlzo01a8maft0f10vp0v",,4,"2025-11-02T06:38:59.612Z","2025-11-02T06:59:59.612Z",21,"2025-11-02T06:38:59.612Z"
"cmhsbk14v0gdymaft4xvnewt9","cmhsbjlzq01aamaftknen09it",,7,"2025-11-02T07:04:50.183Z","2025-11-02T07:15:50.183Z",11,"2025-11-02T07:04:50.183Z"
"cmhsbk14w0ge0maft1yxe1vas","cmhsbjlzr01acmafthf9patod",,3,"2025-11-02T18:45:11.981Z","2025-11-02T18:59:11.981Z",14,"2025-11-02T18:45:11.981Z"
"cmhsbk14x0ge2maftl81hgo8k","cmhsbjlzt01aemafturgvuzwl",,4,"2025-11-02T14:43:04.249Z","2025-11-02T14:55:04.249Z",12,"2025-11-02T14:43:04.249Z"
"cmhsbk14y0ge4maftjq6esfw7","cmhsbjlzv01agmaftc0dddrya",,2,"2025-11-02T09:52:57.445Z","2025-11-02T09:53:57.445Z",1,"2025-11-02T09:52:57.445Z"
"cmhsbk14z0ge6maftl9sk2a04","cmhsbjlzx01aimaft6zt3llvp",,4,"2025-11-02T01:03:29.358Z","2025-11-02T01:24:29.358Z",21,"2025-11-02T01:03:29.358Z"
"cmhsbk1500ge8maftuakaq9m0","cmhsbjlzy01akmaft4n5p6rai",,5,"2025-11-01T23:58:12.550Z","2025-11-02T00:01:12.550Z",3,"2025-11-01T23:58:12.550Z"
"cmhsbk1510geamaftk1a6niyx","cmhsbjm0001ammafteu1fxtdk",,6,"2025-11-02T22:28:25.564Z","2025-11-02T22:56:25.564Z",28,"2025-11-02T22:28:25.564Z"
"cmhsbk1520gecmafttmiroxjl","cmhsbjm0101aomafttz6or11q",,6,"2025-11-02T12:09:27.849Z","2025-11-02T12:30:27.849Z",21,"2025-11-02T12:09:27.849Z"
"cmhsbk1530geemaftfb2u2aov","cmhsbjm0301aqmaftn1oaijif",,1,"2025-11-01T11:59:10.071Z","2025-11-01T12:07:10.071Z",8,"2025-11-01T11:59:10.071Z"
"cmhsbk1540gegmaftu2d323n9","cmhsbjm0401asmaftjctf51km",,4,"2025-11-01T10:32:11.455Z","2025-11-01T10:51:11.455Z",19,"2025-11-01T10:32:11.455Z"
"cmhsbk1550geimafty3lpikkq","cmhsbjm0501aumaftxupliz1a",,8,"2025-10-31T23:37:40.162Z","2025-10-31T23:41:40.162Z",4,"2025-10-31T23:37:40.162Z"
"cmhsbk1560gekmaftm4sz1jyf","cmhsbjm0701awmaftpqaup7pa",,8,"2025-11-01T04:25:04.809Z","2025-11-01T04:47:04.809Z",22,"2025-11-01T04:25:04.809Z"
"cmhsbk1580gemmaftz2dun37u","cmhsbjm0801aymaftqp34jgrf",,3,"2025-11-01T08:28:39.928Z","2025-11-01T08:32:39.928Z",4,"2025-11-01T08:28:39.928Z"
"cmhsbk1590geomaftzv9ee9oo","cmhsbjm0a01b0maftr810bu41",,2,"2025-11-01T01:26:34.997Z","2025-11-01T01:32:34.997Z",6,"2025-11-01T01:26:34.997Z"
"cmhsbk15b0geqmaftqrpk2bc8","cmhsbjm0c01b2mafttub5y682",,3,"2025-11-01T05:24:57.348Z","2025-11-01T05:52:57.348Z",28,"2025-11-01T05:24:57.348Z"
"cmhsbk15c0gesmaftx9zh6kyd","cmhsbjm0e01b4maft71i54dpc",,5,"2025-11-01T20:47:13.570Z","2025-11-01T20:53:13.570Z",6,"2025-11-01T20:47:13.570Z"
"cmhsbk15d0geumaftvgm6suxs","cmhsbjm0f01b6maft31u4i1ci",,4,"2025-11-01T11:17:39.090Z","2025-11-01T11:20:39.090Z",3,"2025-11-01T11:17:39.090Z"
"cmhsbk15e0gewmaftbc2kfnsc","cmhsbjm0h01b8maftnizgnky9",,1,"2025-11-01T06:24:17.353Z","2025-11-01T06:29:17.353Z",5,"2025-11-01T06:24:17.353Z"
"cmhsbk15f0geymaftrz6n6hpr","cmhsbjm0i01bamaft69hlmxxc",,5,"2025-11-01T16:19:02.636Z","2025-11-01T16:26:02.636Z",7,"2025-11-01T16:19:02.636Z"
"cmhsbk15g0gf0maft2f36kyza","cmhsbjm0k01bcmaftos19gc41",,6,"2025-11-01T11:14:57.962Z","2025-11-01T11:43:57.962Z",29,"2025-11-01T11:14:57.962Z"
"cmhsbk15h0gf2maftg9ek95ua","cmhsbjm0m01bemaftxcl0v594",,2,"2025-11-01T22:30:56.560Z","2025-11-01T22:37:56.560Z",7,"2025-11-01T22:30:56.560Z"
"cmhsbk15i0gf4maftje3fxtko","cmhsbjm0o01bgmaftvwva5n34",,1,"2025-11-01T12:36:04.084Z","2025-11-01T12:46:04.084Z",10,"2025-11-01T12:36:04.084Z"
"cmhsbk15j0gf6maftt4uczhzr","cmhsbjm0q01bimaftyh9uaja3",,1,"2025-11-01T21:49:15.448Z","2025-11-01T22:10:15.448Z",21,"2025-11-01T21:49:15.448Z"
"cmhsbk15l0gf8maftfyhlkxuq","cmhsbjm0r01bkmaftkvpmwe8z",,5,"2025-11-01T07:06:27.467Z","2025-11-01T07:24:27.467Z",18,"2025-11-01T07:06:27.467Z"
"cmhsbk15m0gfamaftaxdsh128","cmhsbjm0t01bmmaftuka98rgu",,3,"2025-11-01T12:15:34.452Z","2025-11-01T12:20:34.452Z",5,"2025-11-01T12:15:34.452Z"
"cmhsbk15n0gfcmaft94pbc6kj","cmhsbjm0v01bomaftql13mmek",,2,"2025-11-01T17:50:10.390Z","2025-11-01T18:01:10.390Z",11,"2025-11-01T17:50:10.390Z"
"cmhsbk15o0gfemafts6z9rci3","cmhsbjm0x01bqmaftf06x846j",,1,"2025-10-31T23:54:10.482Z","2025-10-31T23:58:10.482Z",4,"2025-10-31T23:54:10.482Z"
"cmhsbk15q0gfgmaft4kdg4w2o","cmhsbjm0y01bsmaft124624ms",,3,"2025-11-01T08:10:31.818Z","2025-11-01T08:24:31.818Z",14,"2025-11-01T08:10:31.818Z"
"cmhsbk15r0gfimaftvr46vgel","cmhsbjm0z01bumaft8chaq4dk",,2,"2025-11-01T09:17:38.469Z","2025-11-01T09:24:38.469Z",7,"2025-11-01T09:17:38.469Z"
"cmhsbk15s0gfkmaftlauhnc2w","cmhsbjm1101bwmaftg22of6fo",,5,"2025-11-01T05:40:33.500Z","2025-11-01T05:54:33.500Z",14,"2025-11-01T05:40:33.500Z"
"cmhsbk15t0gfmmaftu7s35ou0","cmhsbjm1301bymaftpadfrvbf",,3,"2025-11-01T06:47:29.536Z","2025-11-01T06:48:29.536Z",1,"2025-11-01T06:47:29.536Z"
"cmhsbk15u0gfomaft15z014nj","cmhsbjm1401c0maftp01zveci",,5,"2025-11-01T05:48:26.747Z","2025-11-01T06:06:26.747Z",18,"2025-11-01T05:48:26.747Z"
"cmhsbk15w0gfqmaftx3dds4jc","cmhsbjm1601c2maft6e8sn99n",,8,"2025-11-01T04:44:56.742Z","2025-11-01T05:11:56.742Z",27,"2025-11-01T04:44:56.742Z"
"cmhsbk15x0gfsmaftngtoag77","cmhsbjm1801c4maftiwg7f3pm",,7,"2025-11-01T08:08:14.103Z","2025-11-01T08:28:14.103Z",20,"2025-11-01T08:08:14.103Z"
"cmhsbk15y0gfumaft0ysdbid3","cmhsbjm1a01c6maft7f3lm2hr",,6,"2025-11-01T09:55:11.141Z","2025-11-01T10:19:11.141Z",24,"2025-11-01T09:55:11.141Z"
"cmhsbk15z0gfwmafth5ixvq7h","cmhsbjm1c01c8maft888iej6b",,4,"2025-11-01T07:39:06.844Z","2025-11-01T07:49:06.844Z",10,"2025-11-01T07:39:06.844Z"
"cmhsbk1600gfymafth0t9bk9q","cmhsbjm1d01camaft525uuyie",,3,"2025-11-01T05:07:37.415Z","2025-11-01T05:28:37.415Z",21,"2025-11-01T05:07:37.415Z"
"cmhsbk1610gg0maftdfsxkkm7","cmhsbjm1f01ccmaftku3b1188",,1,"2025-11-01T20:06:59.776Z","2025-11-01T20:19:59.776Z",13,"2025-11-01T20:06:59.776Z"
"cmhsbk1620gg2maftqwveukeo","cmhsbjm1g01cemaftwu22ct69",,7,"2025-10-31T12:57:38.796Z","2025-10-31T13:04:38.796Z",7,"2025-10-31T12:57:38.796Z"
"cmhsbk1630gg4maftwb71dnjp","cmhsbjm1i01cgmaft9p7yy3s0",,3,"2025-10-31T12:26:45.352Z","2025-10-31T12:49:45.352Z",23,"2025-10-31T12:26:45.352Z"
"cmhsbk1640gg6mafts6ymvk51","cmhsbjm1j01cimafthl071na0",,5,"2025-10-31T08:42:20.006Z","2025-10-31T09:00:20.006Z",18,"2025-10-31T08:42:20.006Z"
"cmhsbk1660gg8maftv0kxrrfv","cmhsbjm1l01ckmaftrtxi8cdw",,7,"2025-10-31T03:10:32.184Z","2025-10-31T03:23:32.184Z",13,"2025-10-31T03:10:32.184Z"
"cmhsbk1670ggamaft1azqgmcs","cmhsbjm1m01cmmaftjbmvxn0f",,6,"2025-10-31T12:33:51.962Z","2025-10-31T12:37:51.962Z",4,"2025-10-31T12:33:51.962Z"
"cmhsbk1690ggcmaft52mgsa0d","cmhsbjm1o01comaftjo86vevi",,5,"2025-10-31T14:07:47.990Z","2025-10-31T14:12:47.990Z",5,"2025-10-31T14:07:47.990Z"
"cmhsbk16a0ggemaftaxc1viar","cmhsbjm1r01cqmaft659jlzmj",,1,"2025-10-31T02:23:16.129Z","2025-10-31T02:24:16.129Z",1,"2025-10-31T02:23:16.129Z"
"cmhsbk16b0gggmaftv1y9mq0l","cmhsbjm1s01csmaftd0x0d9gp",,6,"2025-10-31T14:10:25.632Z","2025-10-31T14:13:25.632Z",3,"2025-10-31T14:10:25.632Z"
"cmhsbk16c0ggimaftfa0dxksx","cmhsbjm1u01cumaftfg0bk33b",,5,"2025-10-31T08:43:51.558Z","2025-10-31T08:56:51.558Z",13,"2025-10-31T08:43:51.558Z"
"cmhsbk16d0ggkmaft8t69xodw","cmhsbjm1v01cwmaftcqwebo8c",,1,"2025-10-30T23:33:40.438Z","2025-10-30T23:47:40.438Z",14,"2025-10-30T23:33:40.438Z"
"cmhsbk16e0ggmmaft6571gu4g","cmhsbjm1x01cymaftebhche3j",,1,"2025-10-31T07:30:22.453Z","2025-10-31T07:49:22.453Z",19,"2025-10-31T07:30:22.453Z"
"cmhsbk16f0ggomaftw98tenp8","cmhsbjm1y01d0mafth3xvb7dy",,4,"2025-10-30T23:24:02.232Z","2025-10-30T23:37:02.232Z",13,"2025-10-30T23:24:02.232Z"
"cmhsbk16g0ggqmaft8jhtkia7","cmhsbjm2001d2maftizzmg3zf",,1,"2025-10-31T19:04:25.302Z","2025-10-31T19:07:25.302Z",3,"2025-10-31T19:04:25.302Z"
"cmhsbk16h0ggsmaft70z170gn","cmhsbjm2101d4maftdgac1y5s",,2,"2025-10-31T15:32:54.166Z","2025-10-31T16:00:54.166Z",28,"2025-10-31T15:32:54.166Z"
"cmhsbk16i0ggumaft7bsw2s41","cmhsbjm2301d6mafta4amz3zp",,5,"2025-10-31T16:25:25.630Z","2025-10-31T16:46:25.630Z",21,"2025-10-31T16:25:25.630Z"
"cmhsbk16k0ggwmaftgl23yukz","cmhsbjm2401d8maft8c6reqtq",,3,"2025-10-31T14:31:14.209Z","2025-10-31T14:43:14.209Z",12,"2025-10-31T14:31:14.209Z"
"cmhsbk16l0ggymaft62kdv6sz","cmhsbjm2601damaftwqznxmk4",,2,"2025-10-31T13:18:31.070Z","2025-10-31T13:30:31.070Z",12,"2025-10-31T13:18:31.070Z"
"cmhsbk16m0gh0maftsx2rrjt9","cmhsbjm2801dcmaftf9k2b859",,4,"2025-10-31T14:18:10.058Z","2025-10-31T14:23:10.058Z",5,"2025-10-31T14:18:10.058Z"
"cmhsbk16o0gh2maft6ixp8mv8","cmhsbjm2a01demaftj1tdbkbc",,5,"2025-10-31T10:47:32.422Z","2025-10-31T11:12:32.422Z",25,"2025-10-31T10:47:32.422Z"
"cmhsbk16p0gh4maftqpzwov2t","cmhsbjm2b01dgmaft46eckbij",,1,"2025-10-31T13:25:25.128Z","2025-10-31T13:51:25.128Z",26,"2025-10-31T13:25:25.128Z"
"cmhsbk16q0gh6maft1kluol6j","cmhsbjm2d01dimaft5x9wqpc7",,7,"2025-10-31T13:36:19.226Z","2025-10-31T14:04:19.226Z",28,"2025-10-31T13:36:19.226Z"
"cmhsbk16r0gh8maftt1edrsmq","cmhsbjm2e01dkmaftbjspmr5e",,7,"2025-10-31T17:33:22.908Z","2025-10-31T17:57:22.908Z",24,"2025-10-31T17:33:22.908Z"
"cmhsbk16s0ghamaft4jojc6xf","cmhsbjm2g01dmmaftuvpgpnyh",,2,"2025-10-31T11:58:30.695Z","2025-10-31T12:04:30.695Z",6,"2025-10-31T11:58:30.695Z"
"cmhsbk16u0ghcmaftyestjhn0","cmhsbjm2h01domaft2508pl1r",,2,"2025-10-31T18:13:17.285Z","2025-10-31T18:28:17.285Z",15,"2025-10-31T18:13:17.285Z"
"cmhsbk16v0ghemaftxhyzl3w0","cmhsbjm2i01dqmaftf7kp2czr",,6,"2025-10-31T15:29:03.930Z","2025-10-31T15:38:03.930Z",9,"2025-10-31T15:29:03.930Z"
"cmhsbk16w0ghgmaft0crzjx8j","cmhsbjm2k01dsmaft8cxzn96x",,3,"2025-10-30T23:22:09.134Z","2025-10-30T23:44:09.134Z",22,"2025-10-30T23:22:09.134Z"
"cmhsbk16x0ghimaft926pviwc","cmhsbjm2l01dumaftywcqlvnb",,3,"2025-10-30T23:28:01.586Z","2025-10-30T23:51:01.586Z",23,"2025-10-30T23:28:01.586Z"
"cmhsbk16y0ghkmaftlvnx8pj7","cmhsbjm2o01dwmaftuzm47921",,7,"2025-10-31T00:20:11.803Z","2025-10-31T00:23:11.803Z",3,"2025-10-31T00:20:11.803Z"
"cmhsbk16z0ghmmaft6a87ljb2","cmhsbjm2p01dymaftkngxb28q",,3,"2025-10-31T17:37:46.469Z","2025-10-31T17:53:46.469Z",16,"2025-10-31T17:37:46.469Z"
"cmhsbk1700ghomaftcgxbkzp8","cmhsbjm2r01e0maftacaubuhp",,6,"2025-10-31T06:19:29.204Z","2025-10-31T06:47:29.204Z",28,"2025-10-31T06:19:29.204Z"
"cmhsbk1720ghqmaftmthifxpk","cmhsbjm2s01e2maftiau7xm2q",,7,"2025-10-30T01:28:15.624Z","2025-10-30T01:37:15.624Z",9,"2025-10-30T01:28:15.624Z"
"cmhsbk1730ghsmaft8m0uu5wv","cmhsbjm2u01e4maftgomnuzy3",,5,"2025-10-30T16:51:30.952Z","2025-10-30T16:51:30.952Z",0,"2025-10-30T16:51:30.952Z"
"cmhsbk1750ghumaft4xug22xo","cmhsbjm2v01e6maft6jpukvuh",,5,"2025-10-30T10:32:09.134Z","2025-10-30T10:51:09.134Z",19,"2025-10-30T10:32:09.134Z"
"cmhsbk1760ghwmaft2v9c89j8","cmhsbjm2x01e8maftsz0dngal",,5,"2025-10-30T03:15:12.643Z","2025-10-30T03:36:12.643Z",21,"2025-10-30T03:15:12.643Z"
"cmhsbk1770ghymaftcvglqvix","cmhsbjm2y01eamaftjmqo00rj",,4,"2025-10-30T06:43:09.178Z","2025-10-30T07:01:09.178Z",18,"2025-10-30T06:43:09.178Z"
"cmhsbk1780gi0maft6xm4ue4v","cmhsbjm3001ecmaftlt8sse6h",,1,"2025-10-30T09:53:45.710Z","2025-10-30T09:58:45.710Z",5,"2025-10-30T09:53:45.710Z"
"cmhsbk1790gi2maft8uij9tfk","cmhsbjm3101eemaft6beb0vxl",,8,"2025-10-30T17:36:12.461Z","2025-10-30T17:53:12.461Z",17,"2025-10-30T17:36:12.461Z"
"cmhsbk17a0gi4maftydgri0ln","cmhsbjm3401egmaft0x97z0nz",,7,"2025-10-30T18:38:18.576Z","2025-10-30T19:00:18.576Z",22,"2025-10-30T18:38:18.576Z"
"cmhsbk17b0gi6maftooa295bn","cmhsbjm3601eimaft2dum3pbh",,4,"2025-10-30T22:35:33.497Z","2025-10-30T22:48:33.497Z",13,"2025-10-30T22:35:33.497Z"
"cmhsbk17c0gi8maft3wahpgvt","cmhsbjm3701ekmaft6r1zg1qg",,3,"2025-10-30T22:14:06.927Z","2025-10-30T22:19:06.927Z",5,"2025-10-30T22:14:06.927Z"
"cmhsbk17d0giamafthb9b820v","cmhsbjm3901emmaftust0dle4",,3,"2025-10-30T11:08:13.546Z","2025-10-30T11:37:13.546Z",29,"2025-10-30T11:08:13.546Z"
"cmhsbk17f0gicmaft5mjmfhnj","cmhsbjm3a01eomaftmrclozx3",,5,"2025-10-30T09:05:04.362Z","2025-10-30T09:05:04.362Z",0,"2025-10-30T09:05:04.362Z"
"cmhsbk17g0giemaft4zqdujpb","cmhsbjm3c01eqmaft8nffgdz3",,5,"2025-10-30T11:52:50.296Z","2025-10-30T12:05:50.296Z",13,"2025-10-30T11:52:50.296Z"
"cmhsbk17h0gigmaftm2ic0r6s","cmhsbjm3d01esmaftsrpt9fa0",,4,"2025-10-30T03:56:31.384Z","2025-10-30T04:22:31.384Z",26,"2025-10-30T03:56:31.384Z"
"cmhsbk17i0giimaft18156jml","cmhsbjm3f01eumaftyp20wc2v",,5,"2025-10-30T22:24:49.828Z","2025-10-30T22:48:49.828Z",24,"2025-10-30T22:24:49.828Z"
"cmhsbk17k0gikmaft7z9a2lfh","cmhsbjm3g01ewmaft8xijj7f5",,8,"2025-10-30T09:48:47.818Z","2025-10-30T10:12:47.818Z",24,"2025-10-30T09:48:47.818Z"
"cmhsbk17m0gimmaftqrs8xamr","cmhsbjm3i01eymaftgg93ketq",,4,"2025-10-30T01:12:00.450Z","2025-10-30T01:32:00.450Z",20,"2025-10-30T01:12:00.450Z"
"cmhsbk17n0giomaftq1y4vcxd","cmhsbjm3j01f0maftcmgpysg4",,3,"2025-10-30T16:06:57.898Z","2025-10-30T16:17:57.898Z",11,"2025-10-30T16:06:57.898Z"
"cmhsbk17o0giqmaft3fhim0ec","cmhsbjm3m01f2maftc0d3r7v2",,6,"2025-10-30T03:50:22.038Z","2025-10-30T03:54:22.038Z",4,"2025-10-30T03:50:22.038Z"
"cmhsbk17p0gismaftmf5s5i4g","cmhsbjm3n01f4maft9vunq68i",,4,"2025-10-30T14:24:56.434Z","2025-10-30T14:39:56.434Z",15,"2025-10-30T14:24:56.434Z"
"cmhsbk17q0giumaftq2lqo8ae","cmhsbjm3p01f6maft3rgdi8a8",,2,"2025-10-30T20:53:58.161Z","2025-10-30T21:19:58.161Z",26,"2025-10-30T20:53:58.161Z"
"cmhsbk17s0giwmaftjpoks8wd","cmhsbjm3r01f8maft2yoh79r9",,6,"2025-10-30T17:30:25.075Z","2025-10-30T17:52:25.075Z",22,"2025-10-30T17:30:25.075Z"
"cmhsbk17t0giymaft692dlmqi","cmhsbjm3t01famaftzdnh7rx1",,7,"2025-10-30T01:50:16.776Z","2025-10-30T01:51:16.776Z",1,"2025-10-30T01:50:16.776Z"
"cmhsbk17u0gj0maft8km91lzb","cmhsbjm3u01fcmaftwj3fgdd9",,4,"2025-10-30T18:55:18.865Z","2025-10-30T19:19:18.865Z",24,"2025-10-30T18:55:18.865Z"
"cmhsbk17v0gj2maftg4klemyb","cmhsbjm3w01femaft32knileu",,7,"2025-10-30T22:35:43.248Z","2025-10-30T23:00:43.248Z",25,"2025-10-30T22:35:43.248Z"
"cmhsbk17w0gj4maftoyvl17cr","cmhsbjm3y01fgmaftbctwvc4a",,3,"2025-10-30T10:10:14.417Z","2025-10-30T10:24:14.417Z",14,"2025-10-30T10:10:14.417Z"
"cmhsbk17y0gj6maftijyrv0bn","cmhsbjm4001fimaftmkz6brud",,3,"2025-10-30T02:31:19.910Z","2025-10-30T02:32:19.910Z",1,"2025-10-30T02:31:19.910Z"
"cmhsbk17z0gj8maftxe5lp80i","cmhsbjm4201fkmaftvchgaiak",,2,"2025-10-30T02:14:58.962Z","2025-10-30T02:25:58.962Z",11,"2025-10-30T02:14:58.962Z"
"cmhsbk1800gjamaftbafhn2nx","cmhsbjm4401fmmaft3dxf00b0",,7,"2025-10-30T02:02:04.332Z","2025-10-30T02:14:04.332Z",12,"2025-10-30T02:02:04.332Z"
"cmhsbk1820gjcmaft0bmy6438","cmhsbjm4601fomaftmwdpg8i1",,6,"2025-10-30T09:56:04.047Z","2025-10-30T10:06:04.047Z",10,"2025-10-30T09:56:04.047Z"
"cmhsbk1830gjemaft9d4xcicv","cmhsbjm4801fqmaftgw6hojah",,7,"2025-10-29T14:01:31.920Z","2025-10-29T14:22:31.920Z",21,"2025-10-29T14:01:31.920Z"
"cmhsbk1840gjgmafteugqrkyd","cmhsbjm4901fsmafti8u434kw",,4,"2025-10-29T03:34:59.323Z","2025-10-29T03:50:59.323Z",16,"2025-10-29T03:34:59.323Z"
"cmhsbk1850gjimaft8kobmm6g","cmhsbjm4b01fumaftywpjiuhq",,3,"2025-10-29T00:40:50.539Z","2025-10-29T00:53:50.539Z",13,"2025-10-29T00:40:50.539Z"
"cmhsbk1860gjkmaftwuzwv08x","cmhsbjm4c01fwmaftvmk8fcju",,6,"2025-10-29T00:06:50.299Z","2025-10-29T00:12:50.299Z",6,"2025-10-29T00:06:50.299Z"
"cmhsbk1880gjmmaft2ve6lb73","cmhsbjm4e01fymafti0tntm5o",,6,"2025-10-29T10:57:46.455Z","2025-10-29T11:06:46.455Z",9,"2025-10-29T10:57:46.455Z"
"cmhsbk1890gjomaftbhu1xmg3","cmhsbjm4f01g0maftwmemyfyr",,4,"2025-10-29T10:23:55.313Z","2025-10-29T10:50:55.313Z",27,"2025-10-29T10:23:55.313Z"
"cmhsbk18a0gjqmaftv8qwg19v","cmhsbjm4h01g2maftc4z1rfio",,4,"2025-10-29T01:19:14.285Z","2025-10-29T01:25:14.285Z",6,"2025-10-29T01:19:14.285Z"
"cmhsbk18b0gjsmaftere5wm8m","cmhsbjm4j01g4maft6ba7lcly",,2,"2025-10-29T04:21:39.428Z","2025-10-29T04:48:39.428Z",27,"2025-10-29T04:21:39.428Z"
"cmhsbk18c0gjumaftghjpp17t","cmhsbjm4k01g6maft1i3uoanx",,1,"2025-10-29T19:03:15.802Z","2025-10-29T19:04:15.802Z",1,"2025-10-29T19:03:15.802Z"
"cmhsbk18d0gjwmaftmkaa35fw","cmhsbjm4m01g8maftg0dgfa34",,3,"2025-10-29T03:52:10.887Z","2025-10-29T04:12:10.887Z",20,"2025-10-29T03:52:10.887Z"
"cmhsbk18e0gjymaftrimx0m1p","cmhsbjm4n01gamaft1p2qymo8",,2,"2025-10-29T07:47:16.483Z","2025-10-29T08:05:16.483Z",18,"2025-10-29T07:47:16.483Z"
"cmhsbk18f0gk0maft8ohkrgps","cmhsbjm4p01gcmafts4wmyuex",,7,"2025-10-28T23:43:44.686Z","2025-10-29T00:07:44.686Z",24,"2025-10-28T23:43:44.686Z"
"cmhsbk18h0gk2maft9ytpe5oh","cmhsbjm4q01gemaftjxmkx0t7",,1,"2025-10-29T13:27:24.840Z","2025-10-29T13:35:24.840Z",8,"2025-10-29T13:27:24.840Z"
"cmhsbk18i0gk4maft9nk2suqh","cmhsbjm4s01ggmaftiog61nxm",,2,"2025-10-29T04:05:08.496Z","2025-10-29T04:27:08.496Z",22,"2025-10-29T04:05:08.496Z"
"cmhsbk18k0gk6mafthkst0wk5","cmhsbjm4t01gimaft62o32iig",,7,"2025-10-29T12:44:03.416Z","2025-10-29T13:01:03.416Z",17,"2025-10-29T12:44:03.416Z"
"cmhsbk18l0gk8maft6yww4swp","cmhsbjm4v01gkmafttxe4nkzm",,6,"2025-10-29T16:32:36.367Z","2025-10-29T16:47:36.367Z",15,"2025-10-29T16:32:36.367Z"
"cmhsbk18m0gkamaft6p6i5qdh","cmhsbjm4w01gmmaftwbr2jlwo",,2,"2025-10-29T15:06:03.150Z","2025-10-29T15:21:03.150Z",15,"2025-10-29T15:06:03.150Z"
"cmhsbk18n0gkcmaftb2apsc7e","cmhsbjm4z01gomaft2n11ko0i",,1,"2025-10-29T08:59:42.631Z","2025-10-29T09:22:42.631Z",23,"2025-10-29T08:59:42.631Z"
"cmhsbk18o0gkemaftwd14dmqu","cmhsbjm5001gqmaft3r1mtrxx",,2,"2025-10-29T07:58:11.809Z","2025-10-29T08:27:11.809Z",29,"2025-10-29T07:58:11.809Z"
"cmhsbk18p0gkgmaftgtmm3g71","cmhsbjm5201gsmaft2qt0k77c",,5,"2025-10-29T18:38:36.325Z","2025-10-29T18:39:36.325Z",1,"2025-10-29T18:38:36.325Z"
"cmhsbk18q0gkimaftccffjnug","cmhsbjm5301gumaft4qtpu0ti",,6,"2025-10-29T16:51:31.477Z","2025-10-29T17:09:31.477Z",18,"2025-10-29T16:51:31.477Z"
"cmhsbk18r0gkkmaftsa2sa4gh","cmhsbjm5501gwmaftmfjlla6z",,4,"2025-10-29T12:01:16.892Z","2025-10-29T12:29:16.892Z",28,"2025-10-29T12:01:16.892Z"
"cmhsbk18s0gkmmaft3om8pxvp","cmhsbjm5601gymaftqq10yi16",,7,"2025-10-29T07:26:06.101Z","2025-10-29T07:26:06.101Z",0,"2025-10-29T07:26:06.101Z"
"cmhsbk18t0gkomaftp9vdyjf6","cmhsbjm5801h0maftkgs1rvnd",,6,"2025-10-29T09:03:56.239Z","2025-10-29T09:24:56.239Z",21,"2025-10-29T09:03:56.239Z"
"cmhsbk18u0gkqmaftb85uxeju","cmhsbjm5901h2maftppq59g89",,4,"2025-10-29T13:22:58.994Z","2025-10-29T13:31:58.994Z",9,"2025-10-29T13:22:58.994Z"
"cmhsbk18w0gksmaftue2ov0b0","cmhsbjm5b01h4maftpq3z303w",,5,"2025-10-29T02:17:41.003Z","2025-10-29T02:36:41.003Z",19,"2025-10-29T02:17:41.003Z"
"cmhsbk18x0gkumaftlvkzgha8","cmhsbjm5c01h6maftxmv3dvdn",,1,"2025-10-29T04:01:10.620Z","2025-10-29T04:25:10.620Z",24,"2025-10-29T04:01:10.620Z"
"cmhsbk18z0gkwmaft43jhtxjw","cmhsbjm5e01h8maft72bmjhg4",,7,"2025-10-29T19:52:57.232Z","2025-10-29T19:59:57.232Z",7,"2025-10-29T19:52:57.232Z"
"cmhsbk1900gkymaftni5svycc","cmhsbjm5g01hamaftwhep5niv",,6,"2025-10-29T18:49:05.215Z","2025-10-29T18:52:05.215Z",3,"2025-10-29T18:49:05.215Z"
"cmhsbk1910gl0maftirxyzotw","cmhsbjm5i01hcmaft8tqvra66",,5,"2025-10-29T03:56:12.874Z","2025-10-29T04:23:12.874Z",27,"2025-10-29T03:56:12.874Z"
"cmhsbk1920gl2maft7wseq0ci","cmhsbjm5j01hemaftqq2ytqpb",,5,"2025-10-28T05:56:49.105Z","2025-10-28T06:22:49.105Z",26,"2025-10-28T05:56:49.105Z"
"cmhsbk1930gl4maft31xq5ajx","cmhsbjm5l01hgmaft09o9zma2",,8,"2025-10-28T01:05:23.666Z","2025-10-28T01:20:23.666Z",15,"2025-10-28T01:05:23.666Z"
"cmhsbk1940gl6mafthk0bg9n5","cmhsbjm5m01himaft6k3pb7sx",,5,"2025-10-28T05:33:27.350Z","2025-10-28T05:58:27.350Z",25,"2025-10-28T05:33:27.350Z"
"cmhsbk1950gl8maft0yei5kpe","cmhsbjm5o01hkmaftnejtwcsm",,5,"2025-10-28T19:22:47.572Z","2025-10-28T19:26:47.572Z",4,"2025-10-28T19:22:47.572Z"
"cmhsbk1960glamaft6hc8rr93","cmhsbjm5p01hmmaftl5oxy46e",,4,"2025-10-28T09:38:50.794Z","2025-10-28T09:54:50.794Z",16,"2025-10-28T09:38:50.794Z"
"cmhsbk1970glcmaftqnd7b72f","cmhsbjm5r01homaftxwxbgrq4",,3,"2025-10-28T17:21:21.088Z","2025-10-28T17:34:21.088Z",13,"2025-10-28T17:21:21.088Z"
"cmhsbk1980glemaft7v5drdf7","cmhsbjm5s01hqmaftnv75hyvp",,2,"2025-10-28T00:43:53.485Z","2025-10-28T00:59:53.485Z",16,"2025-10-28T00:43:53.485Z"
"cmhsbk19a0glgmaftdqusm46v","cmhsbjm5u01hsmaft6ma9rnt2",,1,"2025-10-28T14:34:21.885Z","2025-10-28T14:39:21.885Z",5,"2025-10-28T14:34:21.885Z"
"cmhsbk19b0glimaftijwziovq","cmhsbjm5w01humaftadn7dp56",,1,"2025-10-28T00:50:54.402Z","2025-10-28T01:14:54.402Z",24,"2025-10-28T00:50:54.402Z"
"cmhsbk19c0glkmafta5w6p8bw","cmhsbjm5y01hwmafthqeqogc3",,5,"2025-10-28T06:54:05.846Z","2025-10-28T07:22:05.846Z",28,"2025-10-28T06:54:05.846Z"
"cmhsbk19d0glmmaft5ya8uql0","cmhsbjm5z01hymaftq6inuav6",,6,"2025-10-28T06:58:56.355Z","2025-10-28T07:19:56.355Z",21,"2025-10-28T06:58:56.355Z"
"cmhsbk19f0glomafti0pk3nv4","cmhsbjm6101i0maftyiykarr9",,6,"2025-10-28T12:37:25.129Z","2025-10-28T12:56:25.129Z",19,"2025-10-28T12:37:25.129Z"
"cmhsbk19g0glqmaftlx9wh8n7","cmhsbjm6301i2maft47idinr2",,3,"2025-10-28T21:10:50.567Z","2025-10-28T21:25:50.567Z",15,"2025-10-28T21:10:50.567Z"
"cmhsbk19h0glsmaftnia44y4x","cmhsbjm6401i4mafttskdlye1",,6,"2025-10-28T11:16:23.079Z","2025-10-28T11:17:23.079Z",1,"2025-10-28T11:16:23.079Z"
"cmhsbk19i0glumaft41sbp9sh","cmhsbjm6501i6maftg1mvsfbt",,3,"2025-10-28T13:03:47.333Z","2025-10-28T13:24:47.333Z",21,"2025-10-28T13:03:47.333Z"
"cmhsbk19j0glwmafty5d8xij4","cmhsbjm6701i8maftav25pq79",,8,"2025-10-28T07:40:32.333Z","2025-10-28T08:01:32.333Z",21,"2025-10-28T07:40:32.333Z"
"cmhsbk19k0glymafta7v0seip","cmhsbjm6801iamaft3h5ur2tf",,2,"2025-10-28T04:51:45.415Z","2025-10-28T05:16:45.415Z",25,"2025-10-28T04:51:45.415Z"
"cmhsbk19l0gm0maftq85ij7wi","cmhsbjm6a01icmaft37qbu0ty",,5,"2025-10-28T21:30:01.320Z","2025-10-28T21:48:01.320Z",18,"2025-10-28T21:30:01.320Z"
"cmhsbk19n0gm2maft4jyn5olv","cmhsbjm6b01iemaftcmnlnkuu",,2,"2025-10-28T17:10:50.455Z","2025-10-28T17:13:50.455Z",3,"2025-10-28T17:10:50.455Z"
"cmhsbk19o0gm4maftx7ij08vr","cmhsbjm6d01igmaft5p2qhhwc",,3,"2025-10-28T01:42:10.113Z","2025-10-28T01:50:10.113Z",8,"2025-10-28T01:42:10.113Z"
"cmhsbk19p0gm6maftwmdzv7ph","cmhsbjm6f01iimafteayl4hlh",,3,"2025-10-28T12:16:41.648Z","2025-10-28T12:39:41.648Z",23,"2025-10-28T12:16:41.648Z"
"cmhsbk19q0gm8maftoqz7fmnx","cmhsbjm6g01ikmafts9a08g93",,2,"2025-10-28T12:56:12.785Z","2025-10-28T13:15:12.785Z",19,"2025-10-28T12:56:12.785Z"
"cmhsbk19r0gmamaftcf0fajn8","cmhsbjm6i01immaftekq5bd54",,8,"2025-10-28T04:31:06.840Z","2025-10-28T04:47:06.840Z",16,"2025-10-28T04:31:06.840Z"
"cmhsbk19s0gmcmaftdvt7ww1f","cmhsbjm6j01iomaftidelltc3",,2,"2025-10-27T23:08:38.719Z","2025-10-27T23:28:38.719Z",20,"2025-10-27T23:08:38.719Z"
"cmhsbk19t0gmemaft9le9zm9g","cmhsbjm6l01iqmaftal55ivkd",,3,"2025-10-28T03:23:02.439Z","2025-10-28T03:38:02.439Z",15,"2025-10-28T03:23:02.439Z"
"cmhsbk19v0gmgmaftxwiov1e7","cmhsbjm6m01ismaft49xrv1fs",,4,"2025-10-28T00:06:00.093Z","2025-10-28T00:33:00.093Z",27,"2025-10-28T00:06:00.093Z"
"cmhsbk19w0gmimaftavlbgcnv","cmhsbjm6n01iumaftjcdp2sp5",,6,"2025-10-28T11:58:43.555Z","2025-10-28T12:23:43.555Z",25,"2025-10-28T11:58:43.555Z"
"cmhsbk19x0gmkmaftppxbuz1r","cmhsbjm6p01iwmaftpnioay0m",,8,"2025-10-28T12:12:35.139Z","2025-10-28T12:36:35.139Z",24,"2025-10-28T12:12:35.139Z"
"cmhsbk19y0gmmmaft6yhsx2sv","cmhsbjm6q01iymaft2eqtxqyw",,1,"2025-10-28T12:13:55.010Z","2025-10-28T12:21:55.010Z",8,"2025-10-28T12:13:55.010Z"
"cmhsbk1a00gmomaft9dk9ueg6","cmhsbjm6s01j0maftoplfm5g1",,3,"2025-10-28T09:10:39.199Z","2025-10-28T09:24:39.199Z",14,"2025-10-28T09:10:39.199Z"
"cmhsbk1a10gmqmafthjguzufj","cmhsbjm6u01j2mafta9mhziqc",,4,"2025-10-27T12:10:42.293Z","2025-10-27T12:15:42.293Z",5,"2025-10-27T12:10:42.293Z"
"cmhsbk1a20gmsmaftw8p8ni35","cmhsbjm6w01j4maftx3q4umci",,4,"2025-10-27T20:37:15.389Z","2025-10-27T20:42:15.389Z",5,"2025-10-27T20:37:15.389Z"
"cmhsbk1a30gmumaftvz53emdv","cmhsbjm6x01j6maftpxjbmdoa",,1,"2025-10-27T07:21:26.756Z","2025-10-27T07:28:26.756Z",7,"2025-10-27T07:21:26.756Z"
"cmhsbk1a40gmwmaftzhgvs6hb","cmhsbjm6z01j8maftlh5g86yc",,4,"2025-10-27T02:48:06.790Z","2025-10-27T03:01:06.790Z",13,"2025-10-27T02:48:06.790Z"
"cmhsbk1a50gmymaftqf755oce","cmhsbjm7001jamaftatuurxqm",,8,"2025-10-27T09:00:17.543Z","2025-10-27T09:10:17.543Z",10,"2025-10-27T09:00:17.543Z"
"cmhsbk1a60gn0maft3lmwkyz5","cmhsbjm7101jcmaft0rsi01kf",,5,"2025-10-27T12:52:17.215Z","2025-10-27T13:10:17.215Z",18,"2025-10-27T12:52:17.215Z"
"cmhsbk1a70gn2maft4efqo3nn","cmhsbjm7301jemaft06r4r5ye",,8,"2025-10-27T00:06:58.516Z","2025-10-27T00:21:58.516Z",15,"2025-10-27T00:06:58.516Z"
"cmhsbk1a80gn4maftdpcqle2p","cmhsbjm7501jgmafte86huumy",,4,"2025-10-27T20:51:41.211Z","2025-10-27T20:57:41.211Z",6,"2025-10-27T20:51:41.211Z"
"cmhsbk1a90gn6maftd43ke0pn","cmhsbjm7601jimaft3c37t76a",,5,"2025-10-27T03:29:57.998Z","2025-10-27T03:32:57.998Z",3,"2025-10-27T03:29:57.998Z"
"cmhsbk1aa0gn8maft22uqpkks","cmhsbjm7801jkmaft5z3yshoq",,2,"2025-10-27T04:04:37.619Z","2025-10-27T04:20:37.619Z",16,"2025-10-27T04:04:37.619Z"
"cmhsbk1ac0gnamaftjbq5emrs","cmhsbjm7901jmmaftswecrens",,4,"2025-10-27T15:33:09.753Z","2025-10-27T15:42:09.753Z",9,"2025-10-27T15:33:09.753Z"
"cmhsbk1ad0gncmaftdcz4knzm","cmhsbjm7c01jomaftm4553xrl",,6,"2025-10-27T20:23:43.240Z","2025-10-27T20:29:43.240Z",6,"2025-10-27T20:23:43.240Z"
"cmhsbk1ae0gnemaftg2831833","cmhsbjm7d01jqmaftuoae81kg",,8,"2025-10-27T09:50:05.207Z","2025-10-27T10:10:05.207Z",20,"2025-10-27T09:50:05.207Z"
"cmhsbk1af0gngmaft2qlh6rhd","cmhsbjm7e01jsmaft8jslocs6",,1,"2025-10-27T05:45:07.171Z","2025-10-27T05:50:07.171Z",5,"2025-10-27T05:45:07.171Z"
"cmhsbk1ag0gnimaft4xunkofg","cmhsbjm7g01jumaft0ov8jozx",,1,"2025-10-27T13:33:57.773Z","2025-10-27T13:49:57.773Z",16,"2025-10-27T13:33:57.773Z"
"cmhsbk1ai0gnkmaftlx8vunk7","cmhsbjm7h01jwmafte364p8mu",,3,"2025-10-27T15:17:47.830Z","2025-10-27T15:35:47.830Z",18,"2025-10-27T15:17:47.830Z"
"cmhsbk1aj0gnmmaftxrl8i9wm","cmhsbjm7j01jymaftmcdr8zj3",,1,"2025-10-27T01:49:30.750Z","2025-10-27T02:05:30.750Z",16,"2025-10-27T01:49:30.750Z"
"cmhsbk1ak0gnomaft2bum84ay","cmhsbjm7k01k0maftyq3n6c0j",,2,"2025-10-27T00:41:07.025Z","2025-10-27T01:08:07.025Z",27,"2025-10-27T00:41:07.025Z"
"cmhsbk1al0gnqmaftr6x5rpqa","cmhsbjm7m01k2maftaje4yzue",,7,"2025-10-27T00:34:39.028Z","2025-10-27T00:37:39.028Z",3,"2025-10-27T00:34:39.028Z"
"cmhsbk1am0gnsmaftvdarme85","cmhsbjm7n01k4maft37qig6oi",,7,"2025-10-27T21:44:17.185Z","2025-10-27T22:02:17.185Z",18,"2025-10-27T21:44:17.185Z"
"cmhsbk1an0gnumaftdjtr605z","cmhsbjm7p01k6maftln7woeer",,2,"2025-10-27T22:07:55.075Z","2025-10-27T22:34:55.075Z",27,"2025-10-27T22:07:55.075Z"
"cmhsbk1ao0gnwmaft6ylo7cam","cmhsbjm7r01k8maftr8zrou2e",,7,"2025-10-27T12:02:32.416Z","2025-10-27T12:09:32.416Z",7,"2025-10-27T12:02:32.416Z"
"cmhsbk1ap0gnymaftco7n8hzr","cmhsbjm7t01kamaft4xz9cw9q",,1,"2025-10-27T10:34:26.189Z","2025-10-27T10:42:26.189Z",8,"2025-10-27T10:34:26.189Z"
"cmhsbk1aq0go0maftd5fmtks3","cmhsbjm7u01kcmaftff7otxq8",,3,"2025-10-26T23:25:13.770Z","2025-10-26T23:34:13.770Z",9,"2025-10-26T23:25:13.770Z"
"cmhsbk1ar0go2maftweb9kbyx","cmhsbjm7v01kemaft7jbigp0e",,1,"2025-10-27T18:10:43.499Z","2025-10-27T18:35:43.499Z",25,"2025-10-27T18:10:43.499Z"
"cmhsbk1at0go4maft6it2froa","cmhsbjm7x01kgmaft0vygl3bm",,4,"2025-10-27T10:12:31.425Z","2025-10-27T10:15:31.425Z",3,"2025-10-27T10:12:31.425Z"
"cmhsbk1au0go6maftl0qy1bz1","cmhsbjm7y01kimaft2ymx8du9",,4,"2025-10-27T13:25:14.932Z","2025-10-27T13:26:14.932Z",1,"2025-10-27T13:25:14.932Z"
"cmhsbk1av0go8maftfb7qlq1b","cmhsbjm7z01kkmaftpy4c0b4o",,5,"2025-10-27T03:34:37.654Z","2025-10-27T03:52:37.654Z",18,"2025-10-27T03:34:37.654Z"
"cmhsbk1aw0goamaftc7y2rj9a","cmhsbjm8101kmmaftzld2rzry",,3,"2025-10-27T17:40:37.934Z","2025-10-27T18:09:37.934Z",29,"2025-10-27T17:40:37.934Z"
"cmhsbk1ay0gocmafth43tdxpj","cmhsbjm8201komaftzknydkeg",,1,"2025-10-27T06:11:01.588Z","2025-10-27T06:34:01.588Z",23,"2025-10-27T06:11:01.588Z"
"cmhsbk1az0goemaft0v3t064a","cmhsbjm8401kqmaft5h58cw05",,3,"2025-10-26T01:45:31.994Z","2025-10-26T02:01:31.994Z",16,"2025-10-26T01:45:31.994Z"
"cmhsbk1b00gogmafthk7go5ha","cmhsbjm8501ksmaft6c83iqzv",,4,"2025-10-26T08:49:12.588Z","2025-10-26T09:00:12.588Z",11,"2025-10-26T08:49:12.588Z"
"cmhsbk1b10goimaftmf0yirw0","cmhsbjm8701kumaftriua28yw",,8,"2025-10-26T19:56:32.967Z","2025-10-26T20:10:32.967Z",14,"2025-10-26T19:56:32.967Z"
"cmhsbk1b20gokmaft755o0oji","cmhsbjm8901kwmafttk9bl5qz",,4,"2025-10-26T01:16:48.278Z","2025-10-26T01:17:48.278Z",1,"2025-10-26T01:16:48.278Z"
"cmhsbk1b30gommaftnt3b1p06","cmhsbjm8a01kymaftq8nxnyf2",,1,"2025-10-26T00:54:51.555Z","2025-10-26T01:22:51.555Z",28,"2025-10-26T00:54:51.555Z"
"cmhsbk1b40goomaft28xckxq7","cmhsbjm8c01l0maftqbawkzok",,7,"2025-10-26T13:18:44.838Z","2025-10-26T13:18:44.838Z",0,"2025-10-26T13:18:44.838Z"
"cmhsbk1b50goqmaftmmgrqkmr","cmhsbjm8d01l2maft8zeam89i",,4,"2025-10-26T16:07:55.485Z","2025-10-26T16:36:55.485Z",29,"2025-10-26T16:07:55.485Z"
"cmhsbk1b60gosmaftdz84ce50","cmhsbjm8e01l4maft5x03lew1",,7,"2025-10-26T15:34:31.276Z","2025-10-26T15:36:31.276Z",2,"2025-10-26T15:34:31.276Z"
"cmhsbk1b80goumaftz2cexvtn","cmhsbjm8g01l6maftwutc1ucp",,1,"2025-10-26T07:57:00.020Z","2025-10-26T08:17:00.020Z",20,"2025-10-26T07:57:00.020Z"
"cmhsbk1b90gowmaftudo9df6g","cmhsbjm8i01l8maft8s43wz7i",,5,"2025-10-26T19:46:26.712Z","2025-10-26T19:54:26.712Z",8,"2025-10-26T19:46:26.712Z"
"cmhsbk1bb0goymaft0j4mh6xu","cmhsbjm8j01lamaftn3p4estv",,6,"2025-10-26T07:32:32.944Z","2025-10-26T07:44:32.944Z",12,"2025-10-26T07:32:32.944Z"
"cmhsbk1bc0gp0mafto6tmm3pf","cmhsbjm8k01lcmaftb1p7qxz2",,4,"2025-10-26T22:52:04.838Z","2025-10-26T23:07:04.838Z",15,"2025-10-26T22:52:04.838Z"
"cmhsbk1bd0gp2maftuk8vjob5","cmhsbjm8m01lemaftvckize05",,3,"2025-10-26T23:02:49.998Z","2025-10-26T23:17:49.998Z",15,"2025-10-26T23:02:49.998Z"
"cmhsbk1be0gp4maft3e473ldx","cmhsbjm8o01lgmaft2pza9qhg",,6,"2025-10-26T17:26:23.867Z","2025-10-26T17:42:23.867Z",16,"2025-10-26T17:26:23.867Z"
"cmhsbk1bf0gp6maftgieno6aj","cmhsbjm8q01limaftw3f3rfh6",,1,"2025-10-26T13:44:50.331Z","2025-10-26T14:04:50.331Z",20,"2025-10-26T13:44:50.331Z"
"cmhsbk1bh0gp8maftzpt73sgk","cmhsbjm8r01lkmaft4pc7w82e",,6,"2025-10-25T23:51:55.457Z","2025-10-26T00:19:55.457Z",28,"2025-10-25T23:51:55.457Z"
"cmhsbk1bi0gpamaftix2j8yho","cmhsbjm8s01lmmaftz9ew457f",,1,"2025-10-26T05:41:33.030Z","2025-10-26T06:06:33.030Z",25,"2025-10-26T05:41:33.030Z"
"cmhsbk1bj0gpcmafti1j62rrh","cmhsbjm8u01lomaft23jwlzan",,5,"2025-10-26T10:29:23.224Z","2025-10-26T10:46:23.224Z",17,"2025-10-26T10:29:23.224Z"
"cmhsbk1bk0gpemaftlaj4evy4","cmhsbjm8w01lqmaft6kblt68g",,4,"2025-10-26T16:17:53.708Z","2025-10-26T16:29:53.708Z",12,"2025-10-26T16:17:53.708Z"
"cmhsbk1bl0gpgmaft0plhg591","cmhsbjm8x01lsmaftyhy856hm",,1,"2025-10-26T00:36:57.325Z","2025-10-26T01:03:57.325Z",27,"2025-10-26T00:36:57.325Z"
"cmhsbk1bm0gpimaft8xhjq0ti","cmhsbjm8y01lumaftud8j9j21",,5,"2025-10-26T06:19:26.939Z","2025-10-26T06:30:26.939Z",11,"2025-10-26T06:19:26.939Z"
"cmhsbk1bn0gpkmafts5ztdc9f","cmhsbjm9001lwmaftc1iq11sp",,2,"2025-10-26T12:30:59.300Z","2025-10-26T12:53:59.300Z",23,"2025-10-26T12:30:59.300Z"
"cmhsbk1bp0gpmmafta7i42eba","cmhsbjm9101lymaftcks3rbv0",,2,"2025-10-26T01:31:23.693Z","2025-10-26T01:37:23.693Z",6,"2025-10-26T01:31:23.693Z"
"cmhsbk1bq0gpomaft4gu6e2fx","cmhsbjm9301m0maftuxi4xepo",,2,"2025-10-26T11:40:34.810Z","2025-10-26T11:41:34.810Z",1,"2025-10-26T11:40:34.810Z"
"cmhsbk1bs0gpqmaft974jsb1d","cmhsbjm9501m2maft5mmj78ox",,1,"2025-10-26T14:24:34.119Z","2025-10-26T14:37:34.119Z",13,"2025-10-26T14:24:34.119Z"
"cmhsbk1bt0gpsmaft0x878g1p","cmhsbjm9601m4maftu77kmlyo",,2,"2025-10-26T14:52:27.438Z","2025-10-26T14:54:27.438Z",2,"2025-10-26T14:52:27.438Z"
"cmhsbk1bu0gpumaftd5nluwh0","cmhsbjm9801m6maftt2mk5049",,1,"2025-10-26T12:07:52.462Z","2025-10-26T12:23:52.462Z",16,"2025-10-26T12:07:52.462Z"
"cmhsbk1bv0gpwmaft87m6x2ml","cmhsbjm9901m8maftlfop6bq8",,3,"2025-10-26T03:10:13.053Z","2025-10-26T03:20:13.053Z",10,"2025-10-26T03:10:13.053Z"
"cmhsbk1bw0gpymaftcd49bwtz","cmhsbjm9b01mamaft10v5ofy4",,3,"2025-10-26T05:24:07.532Z","2025-10-26T05:25:07.532Z",1,"2025-10-26T05:24:07.532Z"
"cmhsbk1bx0gq0maftplvt7lmm","cmhsbjm9c01mcmaftx4fe93hs",,8,"2025-10-26T06:22:20.338Z","2025-10-26T06:23:20.338Z",1,"2025-10-26T06:22:20.338Z"
"cmhsbk1by0gq2maftjcr7cinr","cmhsbjm9e01memaftupl2lypw",,7,"2025-10-25T13:04:47.401Z","2025-10-25T13:25:47.401Z",21,"2025-10-25T13:04:47.401Z"
"cmhsbk1bz0gq4maftiqkb15po","cmhsbjm9f01mgmaftomcg0o46",,2,"2025-10-25T11:10:35.007Z","2025-10-25T11:25:35.007Z",15,"2025-10-25T11:10:35.007Z"
"cmhsbk1c00gq6maftr52ilrxj","cmhsbjm9h01mimaft23p3cezr",,5,"2025-10-25T09:49:26.511Z","2025-10-25T10:07:26.511Z",18,"2025-10-25T09:49:26.511Z"
"cmhsbk1c10gq8maftlzcwcf1p","cmhsbjm9i01mkmaft11bcdqn5",,8,"2025-10-25T07:20:45.961Z","2025-10-25T07:36:45.961Z",16,"2025-10-25T07:20:45.961Z"
"cmhsbk1c20gqamaft9zgrnzqk","cmhsbjm9k01mmmaftq9od9wjb",,6,"2025-10-25T14:49:44.384Z","2025-10-25T14:58:44.384Z",9,"2025-10-25T14:49:44.384Z"
"cmhsbk1c30gqcmaft2272x34e","cmhsbjm9m01momaftnfn4qli5",,8,"2025-10-25T18:18:52.563Z","2025-10-25T18:32:52.563Z",14,"2025-10-25T18:18:52.563Z"
"cmhsbk1c50gqemaftfovcbsy1","cmhsbjm9n01mqmaftuejxzddn",,8,"2025-10-25T03:37:34.575Z","2025-10-25T03:37:34.575Z",0,"2025-10-25T03:37:34.575Z"
"cmhsbk1c60gqgmaft55d7vyiw","cmhsbjm9p01msmaftx0ct0swe",,1,"2025-10-25T18:04:32.004Z","2025-10-25T18:20:32.004Z",16,"2025-10-25T18:04:32.004Z"
"cmhsbk1c80gqimaftadb99xtp","cmhsbjm9r01mumaftzbzw6u2d",,2,"2025-10-25T13:02:31.658Z","2025-10-25T13:18:31.658Z",16,"2025-10-25T13:02:31.658Z"
"cmhsbk1c90gqkmaftagg1nd8e","cmhsbjm9s01mwmaftbzmort07",,2,"2025-10-25T06:34:51.640Z","2025-10-25T06:57:51.640Z",23,"2025-10-25T06:34:51.640Z"
"cmhsbk1ca0gqmmaftbagv2cxo","cmhsbjm9u01mymaftpr2eqoa8",,4,"2025-10-25T05:40:35.729Z","2025-10-25T05:47:35.729Z",7,"2025-10-25T05:40:35.729Z"
"cmhsbk1cb0gqomaftanbxwmef","cmhsbjm9v01n0maft9erx75km",,1,"2025-10-25T11:36:32.687Z","2025-10-25T11:59:32.687Z",23,"2025-10-25T11:36:32.687Z"
"cmhsbk1cc0gqqmaftpcscjzze","cmhsbjm9x01n2maftetlgh94g",,4,"2025-10-25T07:17:40.415Z","2025-10-25T07:25:40.415Z",8,"2025-10-25T07:17:40.415Z"
"cmhsbk1cd0gqsmafts8c5jtgv","cmhsbjm9y01n4maft685a2vdj",,8,"2025-10-25T10:11:35.793Z","2025-10-25T10:36:35.793Z",25,"2025-10-25T10:11:35.793Z"
"cmhsbk1ce0gqumaftz5r716bm","cmhsbjma001n6maftvrg8tstz",,2,"2025-10-25T15:05:37.349Z","2025-10-25T15:30:37.349Z",25,"2025-10-25T15:05:37.349Z"
"cmhsbk1cf0gqwmaftshwxuob1","cmhsbjma201n8maftdz8jmnqc",,4,"2025-10-25T06:17:20.232Z","2025-10-25T06:29:20.232Z",12,"2025-10-25T06:17:20.232Z"
"cmhsbk1cg0gqymaft4eclmf8n","cmhsbjma401namaftrc3vfdbp",,2,"2025-10-25T04:35:05.067Z","2025-10-25T04:53:05.067Z",18,"2025-10-25T04:35:05.067Z"
"cmhsbk1ci0gr0maftxkxa47dr","cmhsbjma501ncmaftgdkl8r8a",,2,"2025-10-25T12:55:58.397Z","2025-10-25T13:11:58.397Z",16,"2025-10-25T12:55:58.397Z"
"cmhsbk1cj0gr2mafti4ri8gq4","cmhsbjma701nemaft59ok1pqx",,5,"2025-10-25T10:22:08.075Z","2025-10-25T10:48:08.075Z",26,"2025-10-25T10:22:08.075Z"
"cmhsbk1ck0gr4maftrpvxuqlw","cmhsbjma901ngmaftqagq3vd4",,4,"2025-10-25T09:18:16.492Z","2025-10-25T09:24:16.492Z",6,"2025-10-25T09:18:16.492Z"
"cmhsbk1cl0gr6maftpm882731","cmhsbjmaa01nimaft26olo1x1",,1,"2025-10-25T00:53:34.429Z","2025-10-25T01:20:34.429Z",27,"2025-10-25T00:53:34.429Z"
"cmhsbk1cm0gr8maftchn7keif","cmhsbjmac01nkmaftqcdsp3a8",,6,"2025-10-25T05:59:19.167Z","2025-10-25T06:27:19.167Z",28,"2025-10-25T05:59:19.167Z"
"cmhsbk1cn0gramaftcgkm58rb","cmhsbjmad01nmmaftsr45vktg",,4,"2025-10-24T23:56:04.890Z","2025-10-25T00:08:04.890Z",12,"2025-10-24T23:56:04.890Z"
"cmhsbk1cp0grcmaftu7ic2tqq","cmhsbjmae01nomaft320gis1y",,8,"2025-10-24T23:14:51.100Z","2025-10-24T23:35:51.100Z",21,"2025-10-24T23:14:51.100Z"
"cmhsbk1cq0gremaftnktfo36x","cmhsbjmag01nqmaftodafyxth",,1,"2025-10-25T02:28:11.132Z","2025-10-25T02:32:11.132Z",4,"2025-10-25T02:28:11.132Z"
"cmhsbk1cr0grgmaftc4e6x2ag","cmhsbjmah01nsmaft4s60na7t",,2,"2025-10-25T09:37:02.456Z","2025-10-25T09:41:02.456Z",4,"2025-10-25T09:37:02.456Z"
"cmhsbk1cs0grimaftua6ztglu","cmhsbjmaj01numaftlbs5ymj1",,1,"2025-10-25T22:55:31.169Z","2025-10-25T23:18:31.169Z",23,"2025-10-25T22:55:31.169Z"
"cmhsbk1ct0grkmaftqu3vy7wy","cmhsbjmal01nwmaftco663gjg",,6,"2025-10-25T02:29:38.664Z","2025-10-25T02:49:38.664Z",20,"2025-10-25T02:29:38.664Z"
"cmhsbk1cu0grmmaftp7n6lpsd","cmhsbjman01nymaftggilu1ot",,4,"2025-10-24T23:56:18.679Z","2025-10-25T00:08:18.679Z",12,"2025-10-24T23:56:18.679Z"
"cmhsbk1cv0gromaft7e178jmz","cmhsbjmao01o0maftxdzq2yh3",,3,"2025-10-25T15:45:30.173Z","2025-10-25T15:55:30.173Z",10,"2025-10-25T15:45:30.173Z"
"cmhsbk1cw0grqmafthuhp0b7f","cmhsbjmaq01o2maftvfibtnsp",,1,"2025-10-24T21:23:11.639Z","2025-10-24T21:30:11.639Z",7,"2025-10-24T21:23:11.639Z"
"cmhsbk1cx0grsmaftihbv9om8","cmhsbjmar01o4mafta3m9duc8",,1,"2025-10-24T07:16:29.064Z","2025-10-24T07:43:29.064Z",27,"2025-10-24T07:16:29.064Z"
"cmhsbk1cy0grumaftphs5md4y","cmhsbjmas01o6maftagu25amb",,3,"2025-10-24T08:47:35.512Z","2025-10-24T08:50:35.512Z",3,"2025-10-24T08:47:35.512Z"
"cmhsbk1d00grwmaftketfjx7o","cmhsbjmau01o8maftxv6g8cx7",,3,"2025-10-24T08:45:45.910Z","2025-10-24T09:08:45.910Z",23,"2025-10-24T08:45:45.910Z"
"cmhsbk1d10grymaftzcgus6c8","cmhsbjmav01oamaft7t8oxehc",,7,"2025-10-24T16:44:08.796Z","2025-10-24T17:05:08.796Z",21,"2025-10-24T16:44:08.796Z"
"cmhsbk1d20gs0maftmr9tyneb","cmhsbjmax01ocmaftwj2ud8ft",,5,"2025-10-24T02:32:18.384Z","2025-10-24T02:49:18.384Z",17,"2025-10-24T02:32:18.384Z"
"cmhsbk1d30gs2maftbwovenq2","cmhsbjmaz01oemaft9fb22x8p",,2,"2025-10-23T23:21:41.635Z","2025-10-23T23:24:41.635Z",3,"2025-10-23T23:21:41.635Z"
"cmhsbk1d50gs4mafthwnozv0s","cmhsbjmb101ogmafto33x77qh",,1,"2025-10-24T03:31:37.294Z","2025-10-24T03:55:37.294Z",24,"2025-10-24T03:31:37.294Z"
"cmhsbk1d60gs6maftel9tx695","cmhsbjmb201oimaft44jnkz0e",,4,"2025-10-24T13:28:10.794Z","2025-10-24T13:45:10.794Z",17,"2025-10-24T13:28:10.794Z"
"cmhsbk1d70gs8maftjaaok2kz","cmhsbjmb401okmaftazs0va1v",,5,"2025-10-24T05:09:53.249Z","2025-10-24T05:10:53.249Z",1,"2025-10-24T05:09:53.249Z"
"cmhsbk1d80gsamaftdmaat54r","cmhsbjmb501ommaftx85u51x9",,2,"2025-10-24T04:04:53.285Z","2025-10-24T04:04:53.285Z",0,"2025-10-24T04:04:53.285Z"
"cmhsbk1d90gscmaft9lo7u79x","cmhsbjmb701oomaftni7d8nqq",,7,"2025-10-24T10:54:09.290Z","2025-10-24T11:06:09.290Z",12,"2025-10-24T10:54:09.290Z"
"cmhsbk1db0gsemaft4qotl6sq","cmhsbjmb801oqmaftpdkm8oc3",,8,"2025-10-24T14:06:10.523Z","2025-10-24T14:22:10.523Z",16,"2025-10-24T14:06:10.523Z"
"cmhsbk1dc0gsgmafte86qylqr","cmhsbjmb901osmaft99yfeer8",,5,"2025-10-24T17:58:33.416Z","2025-10-24T18:00:33.416Z",2,"2025-10-24T17:58:33.416Z"
"cmhsbk1dd0gsimafth7n13709","cmhsbjmbb01oumaftkof6usx4",,3,"2025-10-24T08:47:25.072Z","2025-10-24T09:14:25.072Z",27,"2025-10-24T08:47:25.072Z"
"cmhsbk1de0gskmaft5bc2gkxr","cmhsbjmbc01owmaft83zevbwu",,6,"2025-10-24T14:15:21.257Z","2025-10-24T14:27:21.257Z",12,"2025-10-24T14:15:21.257Z"
"cmhsbk1df0gsmmaftqj99k5ol","cmhsbjmbe01oymaftf8z8ddzl",,6,"2025-10-24T14:56:57.977Z","2025-10-24T15:08:57.977Z",12,"2025-10-24T14:56:57.977Z"
"cmhsbk1dg0gsomaftcs2knplt","cmhsbjmbg01p0maft7cb9z32f",,8,"2025-10-24T17:29:25.894Z","2025-10-24T17:56:25.894Z",27,"2025-10-24T17:29:25.894Z"
"cmhsbk1dh0gsqmaftvc93q0b3","cmhsbjmbi01p2maft69rq6sbm",,7,"2025-10-24T11:24:12.912Z","2025-10-24T11:41:12.912Z",17,"2025-10-24T11:24:12.912Z"
"cmhsbk1di0gssmaftqn6k5lln","cmhsbjmbj01p4maft41fx6ghi",,5,"2025-10-24T05:53:40.095Z","2025-10-24T06:09:40.095Z",16,"2025-10-24T05:53:40.095Z"
"cmhsbk1dj0gsumafti57lmh1k","cmhsbjmbl01p6maft2pdwfzul",,1,"2025-10-24T12:07:24.981Z","2025-10-24T12:08:24.981Z",1,"2025-10-24T12:07:24.981Z"
"cmhsbk1dl0gswmaftvo7wn7sf","cmhsbjmbm01p8maftzclrp7ow",,7,"2025-10-24T14:19:54.298Z","2025-10-24T14:25:54.298Z",6,"2025-10-24T14:19:54.298Z"
"cmhsbk1dm0gsymaftfpqsr9b3","cmhsbjmbn01pamaft2nfns31j",,4,"2025-10-24T07:07:31.275Z","2025-10-24T07:08:31.275Z",1,"2025-10-24T07:07:31.275Z"
"cmhsbk1dn0gt0maft9lpv1gkv","cmhsbjmbp01pcmaft1fhxxe0e",,6,"2025-10-24T22:30:52.326Z","2025-10-24T22:43:52.326Z",13,"2025-10-24T22:30:52.326Z"
"cmhsbk1do0gt2maft8e6mcls4","cmhsbjmbq01pemaft9x7xzwrd",,8,"2025-10-24T07:48:36.757Z","2025-10-24T08:09:36.757Z",21,"2025-10-24T07:48:36.757Z"
"cmhsbk1dp0gt4mafty7shce6k","cmhsbjmbr01pgmaftrzhnhz0e",,3,"2025-10-24T21:44:40.168Z","2025-10-24T21:53:40.168Z",9,"2025-10-24T21:44:40.168Z"
"cmhsbk1dq0gt6maftfx52fjnw","cmhsbjmbt01pimaftxgizg0bt",,6,"2025-10-24T10:21:39.623Z","2025-10-24T10:38:39.623Z",17,"2025-10-24T10:21:39.623Z"
"cmhsbk1dr0gt8maftyykyeu7h","cmhsbjmbu01pkmaft3xmrecms",,7,"2025-10-24T21:38:34.458Z","2025-10-24T21:43:34.458Z",5,"2025-10-24T21:38:34.458Z"
"cmhsbk1dt0gtamaftovzv2rrt","cmhsbjmbx01pmmaftkp29guuj",,2,"2025-10-24T05:15:51.514Z","2025-10-24T05:25:51.514Z",10,"2025-10-24T05:15:51.514Z"
"cmhsbk1du0gtcmaftk9pfuoos","cmhsbjmby01pomafto5ctkuaa",,6,"2025-10-24T22:20:03.210Z","2025-10-24T22:32:03.210Z",12,"2025-10-24T22:20:03.210Z"
"cmhsbk1dv0gtemaftsfg3wx0p","cmhsbjmc001pqmaftnb1cpjix",,5,"2025-10-23T19:22:08.716Z","2025-10-23T19:39:08.716Z",17,"2025-10-23T19:22:08.716Z"
"cmhsbk1dw0gtgmaftdqvgy02f","cmhsbjmc101psmaftuqz2h56k",,5,"2025-10-23T15:08:02.484Z","2025-10-23T15:27:02.484Z",19,"2025-10-23T15:08:02.484Z"
"cmhsbk1dx0gtimaft8segexyw","cmhsbjmc301pumaft03oh9ot7",,4,"2025-10-23T05:00:13.567Z","2025-10-23T05:11:13.567Z",11,"2025-10-23T05:00:13.567Z"
"cmhsbk1dy0gtkmaftscyaw9ln","cmhsbjmc401pwmafts32qmnt8",,3,"2025-10-23T06:04:58.754Z","2025-10-23T06:12:58.754Z",8,"2025-10-23T06:04:58.754Z"
"cmhsbk1dz0gtmmaft5u4427vz","cmhsbjmc501pymaftjgjs5xyg",,1,"2025-10-23T08:56:03.182Z","2025-10-23T09:08:03.182Z",12,"2025-10-23T08:56:03.182Z"
"cmhsbk1e00gtomaftit8rdcpq","cmhsbjmc701q0maftwehjb28r",,5,"2025-10-23T21:42:53.823Z","2025-10-23T21:56:53.823Z",14,"2025-10-23T21:42:53.823Z"
"cmhsbk1e20gtqmaft1o5h3wgb","cmhsbjmc801q2maft56n1rij0",,2,"2025-10-23T11:23:51.930Z","2025-10-23T11:47:51.930Z",24,"2025-10-23T11:23:51.930Z"
"cmhsbk1e30gtsmaftcyyjqz4z","cmhsbjmca01q4maftqwn6m6ni",,2,"2025-10-23T22:53:00.888Z","2025-10-23T22:54:00.888Z",1,"2025-10-23T22:53:00.888Z"
"cmhsbk1e40gtumaftftpo52sf","cmhsbjmcb01q6maftl2znqyjo",,4,"2025-10-23T08:04:06.909Z","2025-10-23T08:15:06.909Z",11,"2025-10-23T08:04:06.909Z"
"cmhsbk1e50gtwmaftzicxyq8x","cmhsbjmcd01q8maftazlszm4u",,2,"2025-10-23T08:53:51.375Z","2025-10-23T09:05:51.375Z",12,"2025-10-23T08:53:51.375Z"
"cmhsbk1e70gtymaftugujf8et","cmhsbjmcf01qamaftfaz40oib",,2,"2025-10-23T03:50:44.754Z","2025-10-23T04:05:44.754Z",15,"2025-10-23T03:50:44.754Z"
"cmhsbk1e80gu0maftp7n23eoz","cmhsbjmch01qcmaftb29ndzcl",,4,"2025-10-23T02:01:24.898Z","2025-10-23T02:12:24.898Z",11,"2025-10-23T02:01:24.898Z"
"cmhsbk1e90gu2mafthq2b8pei","cmhsbjmci01qemaft64k9a9kj",,2,"2025-10-23T15:25:45.276Z","2025-10-23T15:35:45.276Z",10,"2025-10-23T15:25:45.276Z"
"cmhsbk1ea0gu4maftj8us09mx","cmhsbjmcj01qgmaft3fhp8if7",,7,"2025-10-23T09:52:21.989Z","2025-10-23T10:08:21.989Z",16,"2025-10-23T09:52:21.989Z"
"cmhsbk1eb0gu6maft1y09x6hm","cmhsbjmcl01qimaft3mgxfp8h",,2,"2025-10-23T09:55:14.974Z","2025-10-23T10:10:14.974Z",15,"2025-10-23T09:55:14.974Z"
"cmhsbk1ec0gu8maft5btetxsj","cmhsbjmcm01qkmaft4425ieub",,2,"2025-10-23T00:51:42.054Z","2025-10-23T01:10:42.054Z",19,"2025-10-23T00:51:42.054Z"
"cmhsbk1ed0guamaftb77eg6xx","cmhsbjmco01qmmaftyssru28j",,8,"2025-10-23T21:12:21.023Z","2025-10-23T21:12:21.023Z",0,"2025-10-23T21:12:21.023Z"
"cmhsbk1ee0gucmaftbt8je7su","cmhsbjmcp01qomafts6irmlue",,3,"2025-10-23T06:40:15.414Z","2025-10-23T07:08:15.414Z",28,"2025-10-23T06:40:15.414Z"
"cmhsbk1ef0guemaftck63tqxd","cmhsbjmcq01qqmaftnh36adq0",,4,"2025-10-22T23:50:02.675Z","2025-10-23T00:00:02.675Z",10,"2025-10-22T23:50:02.675Z"
"cmhsbk1eh0gugmaftrutjaw26","cmhsbjmcs01qsmafteintf5zb",,2,"2025-10-23T17:09:46.269Z","2025-10-23T17:22:46.269Z",13,"2025-10-23T17:09:46.269Z"
"cmhsbk1ei0guimaftdbuvevjz","cmhsbjmcu01qumafti8wiuyjc",,6,"2025-10-23T06:43:38.250Z","2025-10-23T06:45:38.250Z",2,"2025-10-23T06:43:38.250Z"
"cmhsbk1ek0gukmaftsdd7py9v","cmhsbjmcw01qwmaftejqs4c51",,2,"2025-10-23T12:44:18.184Z","2025-10-23T12:50:18.184Z",6,"2025-10-23T12:44:18.184Z"
"cmhsbk1el0gummaftejm7cg3g","cmhsbjmcx01qymaft77t7ro2d",,3,"2025-10-23T19:16:30.545Z","2025-10-23T19:16:30.545Z",0,"2025-10-23T19:16:30.545Z"
"cmhsbk1em0guomafthip51pdj","cmhsbjmcz01r0maft1uob70g4",,6,"2025-10-23T13:08:55.968Z","2025-10-23T13:36:55.968Z",28,"2025-10-23T13:08:55.968Z"
"cmhsbk1en0guqmaft83a5xi90","cmhsbjmd001r2maftpyna5esg",,1,"2025-10-23T16:04:18.104Z","2025-10-23T16:25:18.104Z",21,"2025-10-23T16:04:18.104Z"
"cmhsbk1eo0gusmaft71bqzcxa","cmhsbjmd201r4maftx9hdpljb",,7,"2025-10-23T09:39:39.263Z","2025-10-23T09:40:39.263Z",1,"2025-10-23T09:39:39.263Z"
"cmhsbk1eq0guumaft2hrab4uc","cmhsbjmd301r6maftvq4yn5pz",,5,"2025-10-23T20:42:39.393Z","2025-10-23T20:50:39.393Z",8,"2025-10-23T20:42:39.393Z"
"cmhsbk1er0guwmaftdpepac50","cmhsbjmd501r8maftg7eit1m0",,7,"2025-10-23T11:40:56.829Z","2025-10-23T12:04:56.829Z",24,"2025-10-23T11:40:56.829Z"
"cmhsbk1es0guymaftjc6kw5sn","cmhsbjmd601ramaftkm8p067n",,3,"2025-10-23T09:03:13.317Z","2025-10-23T09:11:13.317Z",8,"2025-10-23T09:03:13.317Z"
"cmhsbk1et0gv0maft9qth2cy1","cmhsbjmd801rcmaftjzsbfujl",,7,"2025-10-23T20:26:09.931Z","2025-10-23T20:35:09.931Z",9,"2025-10-23T20:26:09.931Z"
"cmhsbk1eu0gv2maft81rvtlx4","cmhsbjmd901remaft1jov3qyh",,1,"2025-10-22T04:39:53.473Z","2025-10-22T05:04:53.473Z",25,"2025-10-22T04:39:53.473Z"
"cmhsbk1ev0gv4maft3n7wnhob","cmhsbjmdc01rgmaft5t42b48s",,1,"2025-10-22T19:54:51.207Z","2025-10-22T20:23:51.207Z",29,"2025-10-22T19:54:51.207Z"
"cmhsbk1ex0gv6maftkr5zlooz","cmhsbjmdd01rimaft1tug9q3x",,3,"2025-10-22T13:57:13.975Z","2025-10-22T14:11:13.975Z",14,"2025-10-22T13:57:13.975Z"
"cmhsbk1ey0gv8maftn4p9gzvm","cmhsbjmdf01rkmaft4rvir3xl",,3,"2025-10-22T20:13:50.030Z","2025-10-22T20:16:50.030Z",3,"2025-10-22T20:13:50.030Z"
"cmhsbk1f00gvamaftihheuruo","cmhsbjmdg01rmmaftd5qxsvzn",,6,"2025-10-22T12:54:07.620Z","2025-10-22T13:00:07.620Z",6,"2025-10-22T12:54:07.620Z"
"cmhsbk1f10gvcmaft4iijdqhu","cmhsbjmdi01romaft97h7daq3",,1,"2025-10-22T11:23:42.367Z","2025-10-22T11:35:42.367Z",12,"2025-10-22T11:23:42.367Z"
"cmhsbk1f20gvemaftb6h6lllh","cmhsbjmdj01rqmaftvxuowjkv",,4,"2025-10-22T00:35:46.971Z","2025-10-22T00:46:46.971Z",11,"2025-10-22T00:35:46.971Z"
"cmhsbk1f30gvgmaftia777wt6","cmhsbjmdk01rsmaft62iuvndj",,6,"2025-10-22T06:45:51.407Z","2025-10-22T06:57:51.407Z",12,"2025-10-22T06:45:51.407Z"
"cmhsbk1f40gvimaft0pugh7cx","cmhsbjmdm01rumaftbp3hot34",,6,"2025-10-22T02:40:49.122Z","2025-10-22T03:06:49.122Z",26,"2025-10-22T02:40:49.122Z"
"cmhsbk1f50gvkmaft3ort3hlh","cmhsbjmdn01rwmaft46mitwyb",,6,"2025-10-22T15:14:00.729Z","2025-10-22T15:29:00.729Z",15,"2025-10-22T15:14:00.729Z"
"cmhsbk1f60gvmmaft1wd2unbe","cmhsbjmdp01rymaftr49tu818",,4,"2025-10-22T19:51:48.665Z","2025-10-22T20:19:48.665Z",28,"2025-10-22T19:51:48.665Z"
"cmhsbk1f70gvomaft1uc0n1le","cmhsbjmdr01s0mafts7iyn9rd",,1,"2025-10-22T06:25:58.966Z","2025-10-22T06:54:58.966Z",29,"2025-10-22T06:25:58.966Z"
"cmhsbk1f80gvqmaftxp71hs18","cmhsbjmdt01s2maft914c8qiw",,8,"2025-10-22T08:35:26.058Z","2025-10-22T09:01:26.058Z",26,"2025-10-22T08:35:26.058Z"
"cmhsbk1f90gvsmaftu9x1xklg","cmhsbjmdv01s4mafto161y2qe",,6,"2025-10-22T21:26:00.337Z","2025-10-22T21:50:00.337Z",24,"2025-10-22T21:26:00.337Z"
"cmhsbk1fb0gvumaftmmqfpwh5","cmhsbjmdw01s6maft0uq138zn",,1,"2025-10-22T09:12:38.827Z","2025-10-22T09:27:38.827Z",15,"2025-10-22T09:12:38.827Z"
"cmhsbk1fc0gvwmafta6qbt8rp","cmhsbjmdy01s8maftgkyhdomh",,3,"2025-10-22T06:57:08.019Z","2025-10-22T07:16:08.019Z",19,"2025-10-22T06:57:08.019Z"
"cmhsbk1fd0gvymaft49sm1uks","cmhsbjmdz01samaftjekoexnt",,5,"2025-10-22T10:38:10.207Z","2025-10-22T11:05:10.207Z",27,"2025-10-22T10:38:10.207Z"
"cmhsbk1fe0gw0maftnzl2ns6e","cmhsbjme101scmafto6mjhs43",,8,"2025-10-22T11:38:17.541Z","2025-10-22T11:45:17.541Z",7,"2025-10-22T11:38:17.541Z"
"cmhsbk1fg0gw2maftw4je310r","cmhsbjme201semaftcdfw8wsp",,6,"2025-10-22T11:22:35.988Z","2025-10-22T11:28:35.988Z",6,"2025-10-22T11:22:35.988Z"
"cmhsbk1fh0gw4maft9quzsysy","cmhsbjme301sgmaftp0qqha9g",,7,"2025-10-22T20:33:43.790Z","2025-10-22T20:59:43.790Z",26,"2025-10-22T20:33:43.790Z"
"cmhsbk1fi0gw6maftlt1fbt6m","cmhsbjme501simaftsswmt427",,5,"2025-10-22T21:00:46.334Z","2025-10-22T21:24:46.334Z",24,"2025-10-22T21:00:46.334Z"
"cmhsbk1fj0gw8maft0cq0vcsy","cmhsbjme701skmaftbqonyfmw",,5,"2025-10-22T03:54:41.801Z","2025-10-22T03:58:41.801Z",4,"2025-10-22T03:54:41.801Z"
"cmhsbk1fk0gwamafthnn2v4x2","cmhsbjme901smmaft7otgbljv",,3,"2025-10-22T09:51:12.402Z","2025-10-22T10:13:12.402Z",22,"2025-10-22T09:51:12.402Z"
"cmhsbk1fl0gwcmaftn9xguqjc","cmhsbjmea01somaftkycw82x7",,3,"2025-10-22T19:07:19.072Z","2025-10-22T19:11:19.072Z",4,"2025-10-22T19:07:19.072Z"
"cmhsbk1fm0gwemaftbw5ojn4z","cmhsbjmec01sqmaftphvl5opl",,7,"2025-10-22T20:28:37.161Z","2025-10-22T20:45:37.161Z",17,"2025-10-22T20:28:37.161Z"
"cmhsbk1fn0gwgmaftomtny4hh","cmhsbjmed01ssmaft5l4gnie6",,2,"2025-10-22T03:13:33.791Z","2025-10-22T03:33:33.791Z",20,"2025-10-22T03:13:33.791Z"
"cmhsbk1fo0gwimaftv06tubb7","cmhsbjmef01sumaftlb0oof1s",,1,"2025-10-22T07:33:34.453Z","2025-10-22T07:54:34.453Z",21,"2025-10-22T07:33:34.453Z"
"cmhsbk1fp0gwkmaftmxag6b9p","cmhsbjmeg01swmaftxf5xv8hq",,2,"2025-10-22T13:59:30.650Z","2025-10-22T14:23:30.650Z",24,"2025-10-22T13:59:30.650Z"
"cmhsbk1fq0gwmmaftjnyxailn","cmhsbjmei01symaftv9cpox1m",,5,"2025-10-22T03:51:08.910Z","2025-10-22T04:09:08.910Z",18,"2025-10-22T03:51:08.910Z"
"cmhsbk1fs0gwomaft50jah0ea","cmhsbjmej01t0maft72cai192",,3,"2025-10-22T21:04:45.185Z","2025-10-22T21:32:45.185Z",28,"2025-10-22T21:04:45.185Z"
"cmhsbk1ft0gwqmaftwmjzvl74","cmhsbjmel01t2maft41tvw8t6",,5,"2025-10-21T03:19:08.099Z","2025-10-21T03:36:08.099Z",17,"2025-10-21T03:19:08.099Z"
"cmhsbk1fu0gwsmaftru2peozg","cmhsbjmen01t4maftjkk6opm0",,4,"2025-10-21T16:33:32.828Z","2025-10-21T16:41:32.828Z",8,"2025-10-21T16:33:32.828Z"
"cmhsbk1fv0gwumaftbik1hxnu","cmhsbjmep01t6maftx7moq0si",,6,"2025-10-21T09:15:49.468Z","2025-10-21T09:15:49.468Z",0,"2025-10-21T09:15:49.468Z"
"cmhsbk1fx0gwwmaftw36c8fjv","cmhsbjmer01t8maftgdvw7p0o",,5,"2025-10-21T12:27:20.585Z","2025-10-21T12:42:20.585Z",15,"2025-10-21T12:27:20.585Z"
"cmhsbk1fy0gwymaftrg4g4gny","cmhsbjmet01tamaft4xc2xpcy",,8,"2025-10-21T19:17:24.081Z","2025-10-21T19:32:24.081Z",15,"2025-10-21T19:17:24.081Z"
"cmhsbk1fz0gx0maft7o63cmti","cmhsbjmeu01tcmaft8s946x4g",,7,"2025-10-21T06:03:44.966Z","2025-10-21T06:28:44.966Z",25,"2025-10-21T06:03:44.966Z"
"cmhsbk1g00gx2maftza4om18u","cmhsbjmew01temafte04bml3z",,6,"2025-10-21T04:12:49.445Z","2025-10-21T04:35:49.445Z",23,"2025-10-21T04:12:49.445Z"
"cmhsbk1g10gx4maftwg6l8l3e","cmhsbjmex01tgmaft3tevk15w",,6,"2025-10-21T20:28:57.842Z","2025-10-21T20:50:57.842Z",22,"2025-10-21T20:28:57.842Z"
"cmhsbk1g30gx6mafthx24lqso","cmhsbjmez01timaftyhv9drn9",,7,"2025-10-21T15:43:41.090Z","2025-10-21T16:02:41.090Z",19,"2025-10-21T15:43:41.090Z"
"cmhsbk1g40gx8maftnr2cj2v0","cmhsbjmf001tkmaftny1w0tfz",,6,"2025-10-21T11:37:08.254Z","2025-10-21T12:02:08.254Z",25,"2025-10-21T11:37:08.254Z"
"cmhsbk1g50gxamaftcux31aon","cmhsbjmf101tmmaft4mf4h3c4",,6,"2025-10-21T00:11:59.189Z","2025-10-21T00:39:59.189Z",28,"2025-10-21T00:11:59.189Z"
"cmhsbk1g60gxcmaftbg47k2p0","cmhsbjmf301tomaftux6305b6",,8,"2025-10-21T16:09:53.966Z","2025-10-21T16:20:53.966Z",11,"2025-10-21T16:09:53.966Z"
"cmhsbk1g70gxemaftj60fkulc","cmhsbjmf501tqmaftig47g8cq",,1,"2025-10-21T00:06:12.461Z","2025-10-21T00:24:12.461Z",18,"2025-10-21T00:06:12.461Z"
"cmhsbk1g80gxgmaft51qmr7im","cmhsbjmf701tsmafthu62w9d1",,6,"2025-10-21T06:36:18.493Z","2025-10-21T06:51:18.493Z",15,"2025-10-21T06:36:18.493Z"
"cmhsbk1g90gximaft5jj10biy","cmhsbjmf801tumaftwy15go33",,6,"2025-10-21T11:22:32.202Z","2025-10-21T11:34:32.202Z",12,"2025-10-21T11:22:32.202Z"
"cmhsbk1ga0gxkmaftkmvz4h9z","cmhsbjmfa01twmaftmnhf0n7e",,7,"2025-10-21T04:44:08.217Z","2025-10-21T04:54:08.217Z",10,"2025-10-21T04:44:08.217Z"
"cmhsbk1gc0gxmmaftxb1ddj0z","cmhsbjmfb01tymaft5nwp20m5",,6,"2025-10-21T13:34:56.938Z","2025-10-21T13:58:56.938Z",24,"2025-10-21T13:34:56.938Z"
"cmhsbk1gd0gxomaft9wrjuacc","cmhsbjmfc01u0maftrxj9kx6m",,4,"2025-10-21T02:14:23.340Z","2025-10-21T02:36:23.340Z",22,"2025-10-21T02:14:23.340Z"
"cmhsbk1gf0gxqmaftx1my5lii","cmhsbjmfe01u2mafto61mk49r",,6,"2025-10-21T01:15:46.884Z","2025-10-21T01:37:46.884Z",22,"2025-10-21T01:15:46.884Z"
"cmhsbk1gg0gxsmaftyb5wm8ro","cmhsbjmff01u4maftk1efgkp3",,5,"2025-10-21T19:12:53.302Z","2025-10-21T19:15:53.302Z",3,"2025-10-21T19:12:53.302Z"
"cmhsbk1gh0gxumaftkjt6mzib","cmhsbjmfh01u6maftuj04dai9",,4,"2025-10-21T01:04:49.102Z","2025-10-21T01:12:49.102Z",8,"2025-10-21T01:04:49.102Z"
"cmhsbk1gi0gxwmaft6eih7yfq","cmhsbjmfi01u8maft5um6js4o",,1,"2025-10-21T00:51:02.529Z","2025-10-21T00:55:02.529Z",4,"2025-10-21T00:51:02.529Z"
"cmhsbk1gj0gxymaftdctw37fh","cmhsbjmfk01uamaftaboi3ok1",,7,"2025-10-21T10:43:30.524Z","2025-10-21T11:00:30.524Z",17,"2025-10-21T10:43:30.524Z"
"cmhsbk1gk0gy0maftn97o887b","cmhsbjmfm01ucmaftvxkl2j5t",,3,"2025-10-21T07:54:17.744Z","2025-10-21T08:11:17.744Z",17,"2025-10-21T07:54:17.744Z"
"cmhsbk1gl0gy2maftscnt0s49","cmhsbjmfn01uemaftwvucifph",,4,"2025-10-21T08:46:53.212Z","2025-10-21T09:13:53.212Z",27,"2025-10-21T08:46:53.212Z"
"cmhsbk1gm0gy4mafttd0lwo13","cmhsbjmfp01ugmaftx3xaq0uy",,3,"2025-10-21T12:04:55.125Z","2025-10-21T12:16:55.125Z",12,"2025-10-21T12:04:55.125Z"
"cmhsbk1gn0gy6maftt9086mgn","cmhsbjmfq01uimaftws1oum3c",,8,"2025-10-21T22:30:22.264Z","2025-10-21T22:39:22.264Z",9,"2025-10-21T22:30:22.264Z"
"cmhsbk1go0gy8maftxqox1kd8","cmhsbjmfs01ukmaftu5kohnue",,3,"2025-10-21T04:50:52.569Z","2025-10-21T04:57:52.569Z",7,"2025-10-21T04:50:52.569Z"
"cmhsbk1gp0gyamaftx68ce6dz","cmhsbjmft01ummaftzrzihy3j",,8,"2025-10-21T09:18:52.618Z","2025-10-21T09:34:52.618Z",16,"2025-10-21T09:18:52.618Z"
"cmhsbk1gr0gycmaft4cu725n7","cmhsbjmfv01uomaft0tx5m5dv",,8,"2025-10-21T12:17:35.292Z","2025-10-21T12:44:35.292Z",27,"2025-10-21T12:17:35.292Z"
